year,sex,age_group,people_total,mortality_rate,dead_within_year
2011,f,0,388129.0,493.533036501832,1916
2011,f,1,385376.0,35.3981030329862,137
2011,f,2,383199.0,19.953790513085,77
2011,f,3,381659.0,11.4300360350522,44
2011,f,4,373096.0,10.1982410583735,39
2011,f,5,364065.0,11.507942605444,42
2011,f,6,347273.0,9.74729131912327,34
2011,f,7,343175.0,8.29995770479886,29
2011,f,8,330513.0,9.65316737456561,32
2011,f,9,331590.0,10.6480910239111,36
2011,f,10,341090.0,8.74541394724259,30
2011,f,11,350726.0,8.21043902585878,29
2011,f,12,359875.0,10.6443242301077,39
2011,f,13,365950.0,8.63003152903564,32
2011,f,14,372847.0,12.7634780733019,48
2011,f,15,375363.0,17.2261633755934,65
2011,f,16,377248.0,23.7337477481344,90
2011,f,17,386590.0,35.1425608359506,136
2011,f,18,397498.0,40.5856114893735,162
2011,f,19,419028.0,48.9797552307376,206
2011,f,20,425888.0,53.0316824471959,226
2011,f,21,418121.0,54.4561364972806,228
2011,f,22,425445.0,58.6550726679196,250
2011,f,23,434588.0,50.9190045104215,222
2011,f,24,429015.0,51.386346131623,221
2011,f,25,430138.0,65.6424290472371,283
2011,f,26,432373.0,58.9553559990961,255
2011,f,27,429113.0,62.7675268218465,270
2011,f,28,432582.0,73.1121573780065,317
2011,f,29,437080.0,75.4019692946425,330
2011,f,30,442199.0,79.460337631581,352
2011,f,31,435401.0,81.5111804442244,355
2011,f,32,411141.0,81.1062656081106,334
2011,f,33,388723.0,88.9913075465008,346
2011,f,34,388673.0,99.9996465308124,389
2011,f,35,396842.0,107.770706384239,428
2011,f,36,406654.0,119.403469757418,486
2011,f,37,415814.0,128.772832849313,536
2011,f,38,435967.0,130.877019951403,571
2011,f,39,456890.0,139.408427780851,637
2011,f,40,466723.0,156.24689657912,730
2011,f,41,458286.0,166.743295019157,765
2011,f,42,471542.0,190.828811202309,900
2011,f,43,469702.0,186.968176458299,879
2011,f,44,475480.0,208.941155227479,994
2011,f,45,477982.0,223.835647439504,1070
2011,f,46,482278.0,234.76719320907,1133
2011,f,47,473835.0,236.078808534378,1119
2011,f,48,464572.0,275.242691739955,1279
2011,f,49,450861.0,290.411938164597,1310
2011,f,50,438712.0,312.746134782975,1373
2011,f,51,418991.0,350.120294062783,1467
2011,f,52,413744.0,402.335208368768,1665
2011,f,53,404623.0,437.913575915505,1772
2011,f,54,389636.0,455.367003580799,1775
2011,f,55,374194.0,528.709892230451,1979
2011,f,56,367662.0,576.603323154383,2120
2011,f,57,368877.0,619.365671421369,2285
2011,f,58,361491.0,706.164213399621,2553
2011,f,59,356256.0,730.590716692516,2603
2011,f,60,359598.0,813.848885466442,2927
2011,f,61,371268.0,879.349483789805,3265
2011,f,62,379526.0,971.484131562189,3688
2011,f,63,412526.0,1049.76999911743,4331
2011,f,64,416144.0,1154.66928096528,4806
2011,f,65,321433.0,1228.05440709449,3948
2011,f,66,339297.0,1420.67525765825,4821
2011,f,67,319562.0,1524.08635203179,4871
2011,f,68,305057.0,1648.19827240262,5028
2011,f,69,268776.0,1845.06082576042,4960
2011,f,70,259537.0,2177.27588534171,5651
2011,f,71,269681.0,2379.23963552777,6417
2011,f,72,265331.0,2554.31274702708,6778
2011,f,73,256833.0,2731.21484977353,7015
2011,f,74,248742.0,3132.58701661984,7793
2011,f,75,238578.0,3306.89046970216,7890
2011,f,76,228831.0,3762.16074273638,8609
2011,f,77,215746.0,4094.6485369878,8835
2011,f,78,212297.0,4548.36105653914,9657
2011,f,79,207134.0,5178.63954419288,10727
2011,f,80,203348.0,5793.02008589872,11780
2011,f,81,189577.0,6426.98249408703,12185
2011,f,82,176282.0,7293.42993867474,12858
2011,f,83,161188.0,8112.01895543985,13076
2011,f,84,153338.0,9014.25887462007,13823
2011,f,85,141411.0,10042.2866007305,14201
2011,f,86,128910.0,10961.6762402745,14131
2011,f,87,118368.0,12380.0418895546,14655
2011,f,88,106659.0,13682.5796040292,14594
2011,f,89,98932.0,15263.9200206296,15101
2011,f,90,89618.0,16650.824194932,14923
2011,f,91,68589.0,18035.9357678334,12371
2011,f,92,42869.0,18539.2826971815,7948
2011,f,93,33023.0,22347.4456884407,7380
2011,f,94,30254.0,23911.6491154416,7235
2011,f,95,23774.0,25471.8549301096,6056
2011,f,96,19307.0,28018.3266603376,5410
2011,f,97,13981.0,30406.8909435894,4252
2011,f,98,9706.0,31651.7189835576,3073
2011,f,99,6427.0,34987.5930521092,2249
2011,f,100 and over,10193.0,34556.3361956805,3523
2011,m,0,407365.0,493.533036501832,2011
2011,m,1,403127.0,35.3981030329862,143
2011,m,2,399597.0,19.953790513085,80
2011,m,3,401650.0,11.4300360350522,46
2011,m,4,390755.0,10.1982410583735,40
2011,m,5,380468.0,11.507942605444,44
2011,m,6,363984.0,9.74729131912327,36
2011,m,7,359982.0,8.29995770479886,30
2011,m,8,347884.0,9.65316737456561,34
2011,m,9,347681.0,10.6480910239111,38
2011,m,10,356571.0,8.74541394724259,32
2011,m,11,369509.0,8.21043902585878,31
2011,m,12,377620.0,10.6443242301077,41
2011,m,13,383672.0,8.63003152903564,34
2011,m,14,391466.0,12.7634780733019,50
2011,m,15,399529.0,17.2261633755934,69
2011,m,16,397350.0,23.7337477481344,95
2011,m,17,407753.0,35.1425608359506,144
2011,m,18,411588.0,40.5856114893735,168
2011,m,19,424505.0,48.9797552307376,208
2011,m,20,447432.0,53.0316824471959,238
2011,m,21,433609.0,54.4561364972806,237
2011,m,22,430334.0,58.6550726679196,253
2011,m,23,433746.0,50.9190045104215,221
2011,m,24,419020.0,51.386346131623,216
2011,m,25,435241.0,65.6424290472371,286
2011,m,26,430806.0,58.9553559990961,254
2011,m,27,425391.0,62.7675268218465,268
2011,m,28,425128.0,73.1121573780065,311
2011,m,29,428488.0,75.4019692946425,324
2011,m,30,437595.0,79.460337631581,348
2011,m,31,432334.0,81.5111804442244,353
2011,m,32,411747.0,81.1062656081106,334
2011,m,33,387624.0,88.9913075465008,345
2011,m,34,390012.0,99.9996465308124,391
2011,m,35,391313.0,107.770706384239,422
2011,m,36,401624.0,119.403469757418,480
2011,m,37,410101.0,128.772832849313,529
2011,m,38,429969.0,130.877019951403,563
2011,m,39,449303.0,139.408427780851,627
2011,m,40,453430.0,156.24689657912,709
2011,m,41,447356.0,166.743295019157,746
2011,m,42,458079.0,190.828811202309,875
2011,m,43,458591.0,186.968176458299,858
2011,m,44,466446.0,208.941155227479,975
2011,m,45,464741.0,223.835647439504,1041
2011,m,46,469717.0,234.76719320907,1103
2011,m,47,461419.0,236.078808534378,1090
2011,m,48,454785.0,275.242691739955,1252
2011,m,49,442910.0,290.411938164597,1287
2011,m,50,431315.0,312.746134782975,1349
2011,m,51,411549.0,350.120294062783,1441
2011,m,52,405871.0,402.335208368768,1633
2011,m,53,398161.0,437.913575915505,1744
2011,m,54,381852.0,455.367003580799,1739
2011,m,55,367483.0,528.709892230451,1943
2011,m,56,358924.0,576.603323154383,2070
2011,m,57,360725.0,619.365671421369,2235
2011,m,58,351768.0,706.164213399621,2485
2011,m,59,346698.0,730.590716692516,2533
2011,m,60,347932.0,813.848885466442,2832
2011,m,61,357350.0,879.349483789805,3143
2011,m,62,366898.0,971.484131562189,3565
2011,m,63,397077.0,1049.76999911743,4169
2011,m,64,399655.0,1154.66928096528,4615
2011,m,65,306635.0,1228.05440709449,3766
2011,m,66,322473.0,1420.67525765825,4582
2011,m,67,302191.0,1524.08635203179,4606
2011,m,68,284518.0,1648.19827240262,4690
2011,m,69,247538.0,1845.06082576042,4568
2011,m,70,235965.0,2177.27588534171,5138
2011,m,71,243910.0,2379.23963552777,5804
2011,m,72,237242.0,2554.31274702708,6060
2011,m,73,228578.0,2731.21484977353,6243
2011,m,74,216926.0,3132.58701661984,6796
2011,m,75,203623.0,3306.89046970216,6734
2011,m,76,192863.0,3762.16074273638,7256
2011,m,77,177200.0,4094.6485369878,7256
2011,m,78,169341.0,4548.36105653914,7703
2011,m,79,160406.0,5178.63954419288,8307
2011,m,80,151307.0,5793.02008589872,8766
2011,m,81,135432.0,6426.98249408703,8705
2011,m,82,122000.0,7293.42993867474,8898
2011,m,83,107690.0,8112.01895543985,8736
2011,m,84,98734.0,9014.25887462007,8901
2011,m,85,86632.0,10042.2866007305,8700
2011,m,86,73838.0,10961.6762402745,8094
2011,m,87,63423.0,12380.0418895546,7852
2011,m,88,53466.0,13682.5796040292,7316
2011,m,89,46704.0,15263.9200206296,7129
2011,m,90,39225.0,16650.824194932,6532
2011,m,91,27900.0,18035.9357678334,5033
2011,m,92,15863.0,18539.2826971815,2941
2011,m,93,11418.0,22347.4456884407,2552
2011,m,94,9666.0,23911.6491154416,2312
2011,m,95,7114.0,25471.8549301096,1813
2011,m,96,5356.0,28018.3266603376,1501
2011,m,97,3503.0,30406.8909435894,1066
2011,m,98,2371.0,31651.7189835576,751
2011,m,99,1412.0,34987.5930521092,495
2011,m,100 and over,2075.0,34556.3361956805,718
2012,f,0,393866.0,458.536424193702,1807
2012,f,1,386213.0,32.192379724852,125
2012,f,2,385239.0,18.2146197134466,71
2012,f,3,383122.0,10.4195273851229,40
2012,f,4,381615.0,11.3773908365629,44
2012,f,5,373057.0,11.1676083519751,42
2012,f,6,364023.0,9.37782983341653,35
2012,f,7,347239.0,7.28115085331043,26
2012,f,8,343146.0,10.7473952206471,37
2012,f,9,330481.0,8.76522383306773,29
2012,f,10,331554.0,9.45440897767757,32
2012,f,11,341060.0,11.514149239522,40
2012,f,12,350697.0,11.1760282371894,40
2012,f,13,359836.0,10.0685856154357,37
2012,f,14,365918.0,13.016325074909,48
2012,f,15,372799.0,13.2199636705229,50
2012,f,16,375298.0,20.4339953569422,77
2012,f,17,377158.0,33.9129197862104,128
2012,f,18,386454.0,50.779467883665,197
2012,f,19,397336.0,46.1385267211458,184
2012,f,20,418822.0,47.9916736775862,201
2012,f,21,425662.0,45.5174597201465,194
2012,f,22,417893.0,49.5458298926507,208
2012,f,23,425195.0,57.8564251646864,247
2012,f,24,434366.0,49.0015224246366,213
2012,f,25,428794.0,57.1653066087469,246
2012,f,26,429855.0,60.3373479547769,260
2012,f,27,432118.0,57.1753811763835,248
2012,f,28,428843.0,65.0214638073985,279
2012,f,29,432265.0,71.8596124480447,311
2012,f,30,436750.0,77.7595472252472,340
2012,f,31,441847.0,80.2060003537822,355
2012,f,32,435046.0,75.6760591692188,330
2012,f,33,410807.0,92.0947703027855,379
2012,f,34,388377.0,89.4609376608689,348
2012,f,35,388284.0,98.1871773602532,382
2012,f,36,396414.0,101.627569343623,403
2012,f,37,406168.0,115.116591522852,468
2012,f,38,415278.0,126.818337637266,527
2012,f,39,435396.0,140.526964346873,612
2012,f,40,456253.0,158.063574232359,722
2012,f,41,465993.0,151.555168985396,707
2012,f,42,457521.0,159.523039517141,730
2012,f,43,470642.0,192.837102122308,908
2012,f,44,468823.0,205.956016487402,966
2012,f,45,474486.0,215.210989978632,1022
2012,f,46,476912.0,228.621973512927,1091
2012,f,47,481145.0,255.2280497984,1229
2012,f,48,472716.0,264.264893169999,1250
2012,f,49,463293.0,288.261784731237,1336
2012,f,50,449551.0,312.41759146193,1405
2012,f,51,437339.0,335.752819329373,1469
2012,f,52,417524.0,364.667880826777,1523
2012,f,53,412079.0,408.781937239697,1685
2012,f,54,402851.0,454.367253390163,1831
2012,f,55,387861.0,496.86274101745,1928
2012,f,56,372215.0,556.648287892462,2072
2012,f,57,365542.0,594.467776005878,2174
2012,f,58,366592.0,652.378860910701,2392
2012,f,59,358938.0,727.785607551307,2613
2012,f,60,353653.0,790.871063446892,2797
2012,f,61,356671.0,897.62493781025,3202
2012,f,62,368003.0,959.781674478774,3533
2012,f,63,375838.0,1025.31248806526,3854
2012,f,64,408195.0,1112.94679115038,4543
2012,f,65,411338.0,1211.75271869411,4985
2012,f,66,317485.0,1333.81482027414,4235
2012,f,67,334476.0,1535.77560290059,5137
2012,f,68,314691.0,1617.21196573665,5090
2012,f,69,300029.0,1840.7325492755,5523
2012,f,70,263816.0,2035.27412001156,5370
2012,f,71,253886.0,2281.33752818404,5792
2012,f,72,263264.0,2555.254466932,6728
2012,f,73,258553.0,2751.09130646386,7114
2012,f,74,249818.0,3021.01385586484,7548
2012,f,75,240949.0,3373.5700142118,8129
2012,f,76,230688.0,3738.78146481686,8625
2012,f,77,220222.0,4129.4740885333,9095
2012,f,78,206911.0,4632.17715876567,9585
2012,f,79,202640.0,5019.56841221396,10172
2012,f,80,196407.0,5623.19209129343,11045
2012,f,81,191568.0,6493.07928694754,12439
2012,f,82,177392.0,7244.89278272649,12852
2012,f,83,163424.0,8148.47242450519,13317
2012,f,84,148112.0,9071.7601197114,13437
2012,f,85,139515.0,10115.5585329091,14113
2012,f,86,127210.0,11489.8742163045,14617
2012,f,87,114779.0,12641.4338905145,14510
2012,f,88,103713.0,13910.1045963281,14427
2012,f,89,92065.0,15262.5519969566,14052
2012,f,90,83831.0,16744.9659578774,14038
2012,f,91,74695.0,18687.0229007634,13959
2012,f,92,56218.0,20265.8478445315,11394
2012,f,93,34921.0,21254.4946064722,7423
2012,f,94,25643.0,23860.1860042556,6119
2012,f,95,23019.0,27353.583848829,6297
2012,f,96,17718.0,30057.8984108734,5326
2012,f,97,13897.0,32086.3058987298,4460
2012,f,98,9729.0,33560.2117531919,3266
2012,f,99,6633.0,36928.2652989531,2450
2012,f,100 and over,4178.0,38122.7436823105,1593
2012,m,0,413910.0,458.536424193702,1898
2012,m,1,405354.0,32.192379724852,131
2012,m,2,402984.0,18.2146197134466,74
2012,m,3,399517.0,10.4195273851229,42
2012,m,4,401604.0,11.3773908365629,46
2012,m,5,390715.0,11.1676083519751,44
2012,m,6,380424.0,9.37782983341653,36
2012,m,7,363948.0,7.28115085331043,27
2012,m,8,359952.0,10.7473952206471,39
2012,m,9,347850.0,8.76522383306773,31
2012,m,10,347643.0,9.45440897767757,33
2012,m,11,356539.0,11.514149239522,42
2012,m,12,369478.0,11.1760282371894,42
2012,m,13,377579.0,10.0685856154357,39
2012,m,14,383638.0,13.016325074909,50
2012,m,15,391416.0,13.2199636705229,52
2012,m,16,399460.0,20.4339953569422,82
2012,m,17,397255.0,33.9129197862104,135
2012,m,18,407609.0,50.779467883665,207
2012,m,19,411420.0,46.1385267211458,190
2012,m,20,424297.0,47.9916736775862,204
2012,m,21,447194.0,45.5174597201465,204
2012,m,22,433372.0,49.5458298926507,215
2012,m,23,430081.0,57.8564251646864,249
2012,m,24,433525.0,49.0015224246366,213
2012,m,25,418804.0,57.1653066087469,240
2012,m,26,434955.0,60.3373479547769,263
2012,m,27,430552.0,57.1753811763835,247
2012,m,28,425123.0,65.0214638073985,277
2012,m,29,424817.0,71.8596124480447,306
2012,m,30,428164.0,77.7595472252472,333
2012,m,31,437247.0,80.2060003537822,351
2012,m,32,431981.0,75.6760591692188,327
2012,m,33,411413.0,92.0947703027855,379
2012,m,34,387279.0,89.4609376608689,347
2012,m,35,389621.0,98.1871773602532,383
2012,m,36,390891.0,101.627569343623,398
2012,m,37,401144.0,115.116591522852,462
2012,m,38,409572.0,126.818337637266,520
2012,m,39,429406.0,140.526964346873,604
2012,m,40,448676.0,158.063574232359,710
2012,m,41,452721.0,151.555168985396,687
2012,m,42,446610.0,159.523039517141,713
2012,m,43,457204.0,192.837102122308,882
2012,m,44,457733.0,205.956016487402,943
2012,m,45,465471.0,215.210989978632,1002
2012,m,46,463700.0,228.621973512927,1061
2012,m,47,468614.0,255.2280497984,1197
2012,m,48,460329.0,264.264893169999,1217
2012,m,49,453533.0,288.261784731237,1308
2012,m,50,441623.0,312.41759146193,1380
2012,m,51,429966.0,335.752819329373,1444
2012,m,52,410108.0,364.667880826777,1496
2012,m,53,404238.0,408.781937239697,1653
2012,m,54,396417.0,454.367253390163,1802
2012,m,55,380113.0,496.86274101745,1889
2012,m,56,365540.0,556.648287892462,2035
2012,m,57,356854.0,594.467776005878,2122
2012,m,58,358490.0,652.378860910701,2339
2012,m,59,349283.0,727.785607551307,2543
2012,m,60,344165.0,790.871063446892,2722
2012,m,61,345100.0,897.62493781025,3098
2012,m,62,354207.0,959.781674478774,3400
2012,m,63,363333.0,1025.31248806526,3726
2012,m,64,392908.0,1112.94679115038,4373
2012,m,65,395040.0,1211.75271869411,4787
2012,m,66,302869.0,1333.81482027414,4040
2012,m,67,317891.0,1535.77560290059,4883
2012,m,68,297585.0,1617.21196573665,4813
2012,m,69,279828.0,1840.7325492755,5151
2012,m,70,242970.0,2035.27412001156,4946
2012,m,71,230827.0,2281.33752818404,5266
2012,m,72,238106.0,2555.254466932,6085
2012,m,73,231182.0,2751.09130646386,6361
2012,m,74,222335.0,3021.01385586484,6717
2012,m,75,210130.0,3373.5700142118,7089
2012,m,76,196889.0,3738.78146481686,7362
2012,m,77,185607.0,4129.4740885333,7665
2012,m,78,169944.0,4632.17715876567,7873
2012,m,79,161638.0,5019.56841221396,8114
2012,m,80,152099.0,5623.19209129343,8553
2012,m,81,142541.0,6493.07928694754,9256
2012,m,82,126727.0,7244.89278272649,9182
2012,m,83,113102.0,8148.47242450519,9217
2012,m,84,98954.0,9071.7601197114,8977
2012,m,85,89833.0,10115.5585329091,9088
2012,m,86,77932.0,11489.8742163045,8955
2012,m,87,65744.0,12641.4338905145,8311
2012,m,88,55571.0,13910.1045963281,7730
2012,m,89,46150.0,15262.5519969566,7044
2012,m,90,39575.0,16744.9659578774,6627
2012,m,91,32693.0,18687.0229007634,6110
2012,m,92,22867.0,20265.8478445315,4635
2012,m,93,12922.0,21254.4946064722,2747
2012,m,94,8866.0,23860.1860042556,2116
2012,m,95,7354.0,27353.583848829,2012
2012,m,96,5301.0,30057.8984108734,1594
2012,m,97,3855.0,32086.3058987298,1237
2012,m,98,2437.0,33560.2117531919,818
2012,m,99,1620.0,36928.2652989531,599
2012,m,100 and over,917.0,38122.7436823105,350
2013,f,0,395912.0,433.42081804039,1716
2013,f,1,392059.0,32.2764894942418,127
2013,f,2,386088.0,18.0441455072195,70
2013,f,3,385168.0,11.0148684936686,43
2013,f,4,383082.0,10.8559282620522,42
2013,f,5,381571.0,8.86283379878598,34
2013,f,6,373015.0,7.32919886485874,28
2013,f,7,363988.0,11.1556580751885,41
2013,f,8,347213.0,7.5199833486083,27
2013,f,9,343109.0,7.68614979825572,27
2013,f,10,330452.0,7.88513887172815,27
2013,f,11,331522.0,6.5611463178419,22
2013,f,12,341020.0,10.9061546366887,38
2013,f,13,350657.0,13.5742398934694,48
2013,f,14,359799.0,12.9271269493333,47
2013,f,15,365870.0,16.3308209574981,60
2013,f,16,372749.0,22.2814072101241,84
2013,f,17,375221.0,29.1210891287334,110
2013,f,18,377030.0,39.9587550724986,151
2013,f,19,386257.0,50.7265521796565,196
2013,f,20,397152.0,43.968854602425,175
2013,f,21,418621.0,47.5064312407827,199
2013,f,22,425468.0,43.0835066625964,184
2013,f,23,417685.0,52.2683305792447,219
2013,f,24,424948.0,53.6897788652233,229
2013,f,25,434153.0,61.7322619406938,269
2013,f,26,428548.0,61.0318560762086,262
2013,f,27,429595.0,63.2630677774378,272
2013,f,28,431870.0,59.0288889784999,255
2013,f,29,428564.0,69.2080225380469,297
2013,f,30,431954.0,71.1971060470424,308
2013,f,31,436410.0,81.5324381799451,356
2013,f,32,441492.0,85.6481254975275,379
2013,f,33,434716.0,86.7528311474965,378
2013,f,34,410428.0,94.503909800205,388
2013,f,35,388029.0,100.928868921484,392
2013,f,36,387902.0,110.85531319204,431
2013,f,37,396011.0,124.872220995799,495
2013,f,38,405700.0,134.352191635763,546
2013,f,39,414751.0,147.115839931836,611
2013,f,40,434784.0,152.239100095149,662
2013,f,41,455531.0,167.568297932363,764
2013,f,42,465286.0,186.52216914441,868
2013,f,43,456791.0,187.060111219193,855
2013,f,44,469734.0,204.813220682395,963
2013,f,45,467857.0,231.49204437368,1084
2013,f,46,473464.0,238.571461697794,1130
2013,f,47,475821.0,244.904080134341,1166
2013,f,48,479916.0,271.764505108464,1305
2013,f,49,471466.0,296.574788330831,1399
2013,f,50,461957.0,306.00204532999,1414
2013,f,51,448146.0,343.916279283815,1542
2013,f,52,435870.0,376.938154092596,1643
2013,f,53,416001.0,414.366467820464,1724
2013,f,54,410394.0,459.780163761283,1887
2013,f,55,401020.0,479.276796539117,1922
2013,f,56,385933.0,540.121592653511,2085
2013,f,57,370143.0,607.456974052523,2249
2013,f,58,363368.0,663.759394917943,2412
2013,f,59,364200.0,765.154357993392,2787
2013,f,60,356325.0,823.721702386697,2936
2013,f,61,350856.0,877.793098410205,3080
2013,f,62,353469.0,980.761043204867,3467
2013,f,63,364470.0,1038.13441895475,3784
2013,f,64,371984.0,1133.9030408681,4218
2013,f,65,403652.0,1237.1807670666,4994
2013,f,66,406353.0,1346.54528089166,5472
2013,f,67,313250.0,1428.37678350397,4475
2013,f,68,329339.0,1620.93062198026,5339
2013,f,69,309601.0,1789.03556640841,5539
2013,f,70,294506.0,1990.24292932981,5862
2013,f,71,258446.0,2168.71642480251,5605
2013,f,72,248094.0,2540.25191451202,6303
2013,f,73,256536.0,2764.44656778649,7092
2013,f,74,251439.0,3006.96752439951,7561
2013,f,75,242270.0,3364.04248193496,8151
2013,f,76,232820.0,3670.62458091875,8546
2013,f,77,222063.0,4018.28707634246,8924
2013,f,78,211127.0,4586.76672435196,9684
2013,f,79,197326.0,4985.48282537488,9838
2013,f,80,192468.0,5705.89750275288,10983
2013,f,81,185362.0,6405.64359637775,11874
2013,f,82,179129.0,7353.23726653299,13172
2013,f,83,164540.0,8043.20670591418,13235
2013,f,84,150107.0,8995.32670048524,13503
2013,f,85,134675.0,10158.1332815151,13681
2013,f,86,125402.0,11293.4568808209,14163
2013,f,87,112593.0,12349.440804531,13905
2013,f,88,100269.0,13841.6365357082,13879
2013,f,89,89286.0,15412.6630269209,13762
2013,f,90,78013.0,16817.3514925891,13120
2013,f,91,69793.0,18535.7407174675,12937
2013,f,92,60736.0,20950.4933430997,12725
2013,f,93,44824.0,22464.9128309828,10070
2013,f,94,27498.0,22786.0260185011,6266
2013,f,95,19524.0,27193.2498115145,5310
2013,f,96,16722.0,29276.3443662584,4896
2013,f,97,12392.0,32336.3932484454,4008
2013,f,98,9437.0,33617.5608902882,3173
2013,f,99,6463.0,35032.8258136611,2265
2013,f,100 and over,4183.0,39084.3867441066,1635
2013,m,0,417058.0,433.42081804039,1808
2013,m,1,412012.0,32.2764894942418,133
2013,m,2,405223.0,18.0441455072195,74
2013,m,3,402910.0,11.0148684936686,45
2013,m,4,399475.0,10.8559282620522,44
2013,m,5,401558.0,8.86283379878598,36
2013,m,6,390671.0,7.32919886485874,29
2013,m,7,380388.0,11.1556580751885,43
2013,m,8,363921.0,7.5199833486083,28
2013,m,9,359913.0,7.68614979825572,28
2013,m,10,347819.0,7.88513887172815,28
2013,m,11,347610.0,6.5611463178419,23
2013,m,12,356497.0,10.9061546366887,39
2013,m,13,369436.0,13.5742398934694,51
2013,m,14,377540.0,12.9271269493333,49
2013,m,15,383588.0,16.3308209574981,63
2013,m,16,391364.0,22.2814072101241,88
2013,m,17,399378.0,29.1210891287334,117
2013,m,18,397120.0,39.9587550724986,159
2013,m,19,407402.0,50.7265521796565,207
2013,m,20,411230.0,43.968854602425,181
2013,m,21,424093.0,47.5064312407827,202
2013,m,22,446990.0,43.0835066625964,193
2013,m,23,433157.0,52.2683305792447,227
2013,m,24,429832.0,53.6897788652233,231
2013,m,25,433312.0,61.7322619406938,268
2013,m,26,418564.0,61.0318560762086,256
2013,m,27,434692.0,63.2630677774378,275
2013,m,28,430305.0,59.0288889784999,255
2013,m,29,424846.0,69.2080225380469,295
2013,m,30,424511.0,71.1971060470424,303
2013,m,31,427831.0,81.5324381799451,349
2013,m,32,436896.0,85.6481254975275,375
2013,m,33,431654.0,86.7528311474965,375
2013,m,34,411034.0,94.503909800205,389
2013,m,35,386932.0,100.928868921484,391
2013,m,36,389238.0,110.85531319204,432
2013,m,37,390493.0,124.872220995799,488
2013,m,38,400682.0,134.352191635763,539
2013,m,39,409052.0,147.115839931836,602
2013,m,40,428802.0,152.239100095149,653
2013,m,41,447966.0,167.568297932363,751
2013,m,42,452034.0,186.52216914441,844
2013,m,43,445897.0,187.060111219193,835
2013,m,44,456322.0,204.813220682395,935
2013,m,45,456790.0,231.49204437368,1058
2013,m,46,464469.0,238.571461697794,1109
2013,m,47,462639.0,244.904080134341,1134
2013,m,48,467417.0,271.764505108464,1271
2013,m,49,459112.0,296.574788330831,1362
2013,m,50,452225.0,306.00204532999,1384
2013,m,51,440243.0,343.916279283815,1515
2013,m,52,428522.0,376.938154092596,1616
2013,m,53,408612.0,414.366467820464,1694
2013,m,54,402585.0,459.780163761283,1852
2013,m,55,394615.0,479.276796539117,1892
2013,m,56,378224.0,540.121592653511,2043
2013,m,57,363505.0,607.456974052523,2209
2013,m,58,354732.0,663.759394917943,2355
2013,m,59,356151.0,765.154357993392,2726
2013,m,60,346740.0,823.721702386697,2857
2013,m,61,341443.0,877.793098410205,2998
2013,m,62,342002.0,980.761043204867,3355
2013,m,63,350807.0,1038.13441895475,3642
2013,m,64,359607.0,1133.9030408681,4078
2013,m,65,388535.0,1237.1807670666,4807
2013,m,66,390253.0,1346.54528089166,5255
2013,m,67,298829.0,1428.37678350397,4269
2013,m,68,313008.0,1620.93062198026,5074
2013,m,69,292772.0,1789.03556640841,5238
2013,m,70,274677.0,1990.24292932981,5467
2013,m,71,238024.0,2168.71642480251,5163
2013,m,72,225561.0,2540.25191451202,5730
2013,m,73,232021.0,2764.44656778649,6415
2013,m,74,224821.0,3006.96752439951,6761
2013,m,75,215618.0,3364.04248193496,7254
2013,m,76,203041.0,3670.62458091875,7453
2013,m,77,189527.0,4018.28707634246,7616
2013,m,78,177942.0,4586.76672435196,8162
2013,m,79,162071.0,4985.48282537488,8081
2013,m,80,153524.0,5705.89750275288,8760
2013,m,81,143546.0,6405.64359637775,9196
2013,m,82,133285.0,7353.23726653299,9801
2013,m,83,117545.0,8043.20670591418,9455
2013,m,84,103885.0,8995.32670048524,9345
2013,m,85,89977.0,10158.1332815151,9140
2013,m,86,80745.0,11293.4568808209,9119
2013,m,87,68977.0,12349.440804531,8519
2013,m,88,57433.0,13841.6365357082,7950
2013,m,89,47841.0,15412.6630269209,7374
2013,m,90,39106.0,16817.3514925891,6577
2013,m,91,32948.0,18535.7407174675,6108
2013,m,92,26583.0,20950.4933430997,5570
2013,m,93,18232.0,22464.9128309828,4096
2013,m,94,10175.0,22786.0260185011,2319
2013,m,95,6750.0,27193.2498115145,1836
2013,m,96,5342.0,29276.3443662584,1564
2013,m,97,3707.0,32336.3932484454,1199
2013,m,98,2618.0,33617.5608902882,881
2013,m,99,1619.0,35032.8258136611,568
2013,m,100 and over,1021.0,39084.3867441066,400
2014,f,0,379204.0,414.019473025961,1570
2014,f,1,394196.0,34.8875705344947,138
2014,f,2,391932.0,16.8448771632411,67
2014,f,3,386018.0,13.3802382363365,52
2014,f,4,385125.0,7.29592610686039,29
2014,f,5,383040.0,9.56397178260479,37
2014,f,6,381537.0,11.2678712878411,43
2014,f,7,372987.0,8.55068149245858,32
2014,f,8,363947.0,6.7129017776603,25
2014,f,9,347186.0,10.4249050982798,37
2014,f,10,343082.0,10.9286183630842,38
2014,f,11,330425.0,10.087555074373,34
2014,f,12,331500.0,10.4994995002096,35
2014,f,13,340982.0,10.8465374862593,37
2014,f,14,350609.0,13.2240460385717,47
2014,f,15,359752.0,14.6831664379523,53
2014,f,16,365810.0,21.893229937189,81
2014,f,17,372665.0,29.3775813274084,110
2014,f,18,375111.0,41.9644971663101,158
2014,f,19,376879.0,45.9287649767378,174
2014,f,20,386061.0,48.1746866346392,186
2014,f,21,396977.0,48.8996410906726,195
2014,f,22,418422.0,47.5224651653509,199
2014,f,23,425284.0,56.6724662225486,242
2014,f,24,417466.0,53.3612145679451,223
2014,f,25,424719.0,47.594678305934,203
2014,f,26,433884.0,70.5117810609198,306
2014,f,27,428286.0,65.2480217370441,280
2014,f,28,429323.0,63.8395620606043,275
2014,f,29,431615.0,71.7110658711671,310
2014,f,30,428267.0,77.2897524348883,332
2014,f,31,431646.0,76.2333098435103,330
2014,f,32,436054.0,78.06145834208,341
2014,f,33,441113.0,84.5538692011383,373
2014,f,34,434338.0,92.816375295989,404
2014,f,35,410040.0,104.482340213149,429
2014,f,36,387637.0,99.8880695869983,388
2014,f,37,387471.0,112.131572867639,435
2014,f,38,395516.0,145.693044876387,577
2014,f,39,405154.0,137.627649645046,558
2014,f,40,414140.0,161.919481857658,671
2014,f,41,434122.0,170.68356708644,741
2014,f,42,454767.0,161.515211752607,735
2014,f,43,464418.0,185.028003191512,860
2014,f,44,455936.0,206.275651762897,941
2014,f,45,468771.0,229.01474983686,1074
2014,f,46,466773.0,240.529361391812,1123
2014,f,47,472334.0,251.442692918867,1188
2014,f,48,474655.0,267.572179296036,1271
2014,f,49,478611.0,297.961183949946,1427
2014,f,50,470067.0,311.850818364765,1466
2014,f,51,460543.0,348.726517617105,1607
2014,f,52,446604.0,368.714983317895,1647
2014,f,53,434227.0,397.35091647909,1726
2014,f,54,414277.0,445.156244539485,1845
2014,f,55,408507.0,485.113002121443,1982
2014,f,56,399098.0,512.025836676919,2044
2014,f,57,383848.0,583.35925130756,2240
2014,f,58,367894.0,664.052740798148,2444
2014,f,59,360956.0,731.620892857583,2641
2014,f,60,361413.0,786.638484693326,2844
2014,f,61,353389.0,864.676169874992,3056
2014,f,62,347776.0,956.424755328282,3327
2014,f,63,350002.0,1034.14019493909,3620
2014,f,64,360686.0,1137.33640057271,4103
2014,f,65,367766.0,1226.80101321246,4512
2014,f,66,398658.0,1291.64573413314,5150
2014,f,67,400881.0,1441.42428469223,5779
2014,f,68,308775.0,1557.98240345084,4811
2014,f,69,324000.0,1777.61554957339,5760
2014,f,70,304062.0,1941.85895456792,5905
2014,f,71,288644.0,2148.70764226107,6203
2014,f,72,252841.0,2454.15246910441,6206
2014,f,73,241791.0,2625.7082480391,6349
2014,f,74,249444.0,3004.5592984461,7495
2014,f,75,243878.0,3243.87540158988,7912
2014,f,76,234119.0,3577.81585515397,8377
2014,f,77,224274.0,3928.95583294076,8812
2014,f,78,213139.0,4421.92096175982,9425
2014,f,79,201443.0,4868.11592547322,9807
2014,f,80,187488.0,5547.17025376068,10401
2014,f,81,181485.0,6103.5433372997,11078
2014,f,82,173488.0,6901.97823572847,11975
2014,f,83,165957.0,7784.77479506792,12920
2014,f,84,151305.0,8623.63266135008,13048
2014,f,85,136604.0,9769.4387344433,13346
2014,f,86,120994.0,10728.3787511433,12981
2014,f,87,111239.0,12187.587011575,13558
2014,f,88,98688.0,13525.4688051236,13349
2014,f,89,86390.0,14804.9247402369,12790
2014,f,90,75524.0,16216.0957453921,12248
2014,f,91,64893.0,17442.0373007424,11319
2014,f,92,56856.0,19999.061637613,11371
2014,f,93,48011.0,21788.1634112256,10461
2014,f,94,34754.0,22404.0295440989,7787
2014,f,95,21232.0,24972.2271748522,5303
2014,f,96,14214.0,28332.6770792317,4028
2014,f,97,11826.0,29740.7746264105,3518
2014,f,98,8384.0,33451.2595371041,2805
2014,f,99,6264.0,34206.2512184028,2143
2014,f,100 and over,4198.0,32031.1654582837,1345
2014,m,0,399599.0,414.019473025961,1655
2014,m,1,415250.0,34.8875705344947,145
2014,m,2,411879.0,16.8448771632411,70
2014,m,3,405149.0,13.3802382363365,55
2014,m,4,402865.0,7.29592610686039,30
2014,m,5,399431.0,9.56397178260479,39
2014,m,6,401522.0,11.2678712878411,46
2014,m,7,390642.0,8.55068149245858,34
2014,m,8,380345.0,6.7129017776603,26
2014,m,9,363893.0,10.4249050982798,38
2014,m,10,359885.0,10.9286183630842,40
2014,m,11,347791.0,10.087555074373,36
2014,m,12,347587.0,10.4994995002096,37
2014,m,13,356458.0,10.8465374862593,39
2014,m,14,369385.0,13.2240460385717,49
2014,m,15,377491.0,14.6831664379523,56
2014,m,16,383525.0,21.893229937189,84
2014,m,17,391276.0,29.3775813274084,115
2014,m,18,399261.0,41.9644971663101,168
2014,m,19,396961.0,45.9287649767378,183
2014,m,20,407195.0,48.1746866346392,197
2014,m,21,411049.0,48.8996410906726,202
2014,m,22,423891.0,47.5224651653509,202
2014,m,23,446797.0,56.6724662225486,254
2014,m,24,432930.0,53.3612145679451,232
2014,m,25,429601.0,47.594678305934,205
2014,m,26,433044.0,70.5117810609198,306
2014,m,27,418308.0,65.2480217370441,273
2014,m,28,434417.0,63.8395620606043,278
2014,m,29,430050.0,71.7110658711671,309
2014,m,30,424551.0,77.2897524348883,329
2014,m,31,424208.0,76.2333098435103,324
2014,m,32,427482.0,78.06145834208,334
2014,m,33,436521.0,84.5538692011383,370
2014,m,34,431279.0,92.816375295989,401
2014,m,35,410645.0,104.482340213149,430
2014,m,36,386541.0,99.8880695869983,387
2014,m,37,388806.0,112.131572867639,436
2014,m,38,390005.0,145.693044876387,569
2014,m,39,400143.0,137.627649645046,551
2014,m,40,408450.0,161.919481857658,662
2014,m,41,428149.0,170.68356708644,731
2014,m,42,447215.0,161.515211752607,723
2014,m,43,451190.0,185.028003191512,835
2014,m,44,445062.0,206.275651762897,919
2014,m,45,455387.0,229.01474983686,1043
2014,m,46,455732.0,240.529361391812,1097
2014,m,47,463360.0,251.442692918867,1166
2014,m,48,461505.0,267.572179296036,1235
2014,m,49,466146.0,297.961183949946,1389
2014,m,50,457750.0,311.850818364765,1428
2014,m,51,450841.0,348.726517617105,1573
2014,m,52,438728.0,368.714983317895,1618
2014,m,53,426906.0,397.35091647909,1697
2014,m,54,406918.0,445.156244539485,1812
2014,m,55,400733.0,485.113002121443,1945
2014,m,56,392723.0,512.025836676919,2011
2014,m,57,376181.0,583.35925130756,2195
2014,m,58,361296.0,664.052740798148,2400
2014,m,59,352377.0,731.620892857583,2579
2014,m,60,353425.0,786.638484693326,2781
2014,m,61,343883.0,864.676169874992,2974
2014,m,62,338445.0,956.424755328282,3237
2014,m,63,338647.0,1034.14019493909,3503
2014,m,64,347165.0,1137.33640057271,3949
2014,m,65,355529.0,1226.80101321246,4362
2014,m,66,383728.0,1291.64573413314,4957
2014,m,67,384998.0,1441.42428469223,5550
2014,m,68,294560.0,1557.98240345084,4590
2014,m,69,307934.0,1777.61554957339,5474
2014,m,70,287534.0,1941.85895456792,5584
2014,m,71,269210.0,2148.70764226107,5785
2014,m,72,232861.0,2454.15246910441,5715
2014,m,73,219831.0,2625.7082480391,5773
2014,m,74,225606.0,3004.5592984461,6779
2014,m,75,218060.0,3243.87540158988,7074
2014,m,76,208364.0,3577.81585515397,7455
2014,m,77,195588.0,3928.95583294076,7685
2014,m,78,181911.0,4421.92096175982,8044
2014,m,79,169780.0,4868.11592547322,8266
2014,m,80,153990.0,5547.17025376068,8543
2014,m,81,144764.0,6103.5433372997,8836
2014,m,82,134350.0,6901.97823572847,9273
2014,m,83,123484.0,7784.77479506792,9613
2014,m,84,108090.0,8623.63266135008,9322
2014,m,85,94540.0,9769.4387344433,9237
2014,m,86,80837.0,10728.3787511433,8673
2014,m,87,71626.0,12187.587011575,8730
2014,m,88,60458.0,13525.4688051236,8178
2014,m,89,49483.0,14804.9247402369,7326
2014,m,90,40467.0,16216.0957453921,6563
2014,m,91,32529.0,17442.0373007424,5674
2014,m,92,26840.0,19999.061637613,5368
2014,m,93,21013.0,21788.1634112256,4579
2014,m,94,14136.0,22404.0295440989,3168
2014,m,95,7856.0,24972.2271748522,1962
2014,m,96,4914.0,28332.6770792317,1393
2014,m,97,3778.0,29740.7746264105,1124
2014,m,98,2508.0,33451.2595371041,839
2014,m,99,1737.0,34206.2512184028,595
2014,m,100 and over,1051.0,32031.1654582837,337
2015,f,0,377981.0,438.591837295613,1658
2015,f,1,377634.0,29.2466110179667,111
2015,f,2,394058.0,16.1991409232901,64
2015,f,3,391865.0,12.4803562430563,49
2015,f,4,385966.0,11.6335042548355,45
2015,f,5,385096.0,7.49238827731263,29
2015,f,6,383003.0,8.78107677954009,34
2015,f,7,381494.0,9.50274452663236,37
2015,f,8,372955.0,7.25441385743138,28
2015,f,9,363922.0,7.96308979443348,29
2015,f,10,347149.0,10.1025340744517,36
2015,f,11,343044.0,11.4086915894514,40
2015,f,12,330391.0,8.35629282817686,28
2015,f,13,331465.0,10.7161376219974,36
2015,f,14,340945.0,9.66733659007489,33
2015,f,15,350562.0,17.9468411885363,63
2015,f,16,359699.0,18.9915858169276,69
2015,f,17,365729.0,29.8401543271571,110
2015,f,18,372555.0,42.8937938506912,160
2015,f,19,374953.0,45.8058975093043,172
2015,f,20,376705.0,46.1683570016297,174
2015,f,21,385875.0,50.7707459194905,196
2015,f,22,396782.0,50.7790330844931,202
2015,f,23,418223.0,53.6889930853051,225
2015,f,24,425042.0,55.2744230936104,235
2015,f,25,417243.0,65.8936608101845,275
2015,f,26,424516.0,52.8746697424702,225
2015,f,27,433578.0,62.4108192174992,271
2015,f,28,428006.0,66.2587753607605,284
2015,f,29,429048.0,63.9501234231733,275
2015,f,30,431305.0,70.5560301378274,305
2015,f,31,427935.0,70.5386263812734,302
2015,f,32,431316.0,98.163863370189,424
2015,f,33,435713.0,89.0768888165812,389
2015,f,34,440740.0,99.1429742434338,437
2015,f,35,433934.0,102.431925688624,445
2015,f,36,409611.0,114.733916007498,470
2015,f,37,387249.0,118.145258583478,458
2015,f,38,387036.0,128.092597058114,496
2015,f,39,394939.0,135.371841575504,535
2015,f,40,404596.0,151.505681463055,613
2015,f,41,413469.0,159.406370675604,660
2015,f,42,433381.0,185.067389691488,803
2015,f,43,454032.0,184.780355905489,839
2015,f,44,463558.0,209.014813317293,969
2015,f,45,454995.0,211.820841753482,964
2015,f,46,467697.0,234.804682572595,1099
2015,f,47,465650.0,271.388061438149,1264
2015,f,48,471146.0,268.426905589629,1265
2015,f,49,473384.0,307.055308283422,1454
2015,f,50,477184.0,348.806377805341,1665
2015,f,51,468601.0,346.823785066797,1626
2015,f,52,458936.0,366.249451177404,1681
2015,f,53,444957.0,398.677943396179,1774
2015,f,54,432501.0,443.542956443023,1919
2015,f,55,412432.0,495.922445656525,2046
2015,f,56,406525.0,553.623271011478,2251
2015,f,57,397054.0,604.034386034847,2399
2015,f,58,381608.0,642.454597845473,2452
2015,f,59,365450.0,686.649760103107,2510
2015,f,60,358315.0,811.94369457729,2910
2015,f,61,358569.0,873.109676205195,3131
2015,f,62,350333.0,936.879478994444,3283
2015,f,63,344449.0,1066.76114727226,3675
2015,f,64,346382.0,1165.06549055603,4036
2015,f,65,356583.0,1222.4681363447,4360
2015,f,66,363254.0,1323.90471007835,4810
2015,f,67,393508.0,1462.36387812689,5755
2015,f,68,395102.0,1582.67092666752,6254
2015,f,69,303964.0,1731.32077557297,5263
2015,f,70,318240.0,1931.44777600065,6147
2015,f,71,298157.0,2175.60257618153,6487
2015,f,72,282441.0,2401.93445879953,6785
2015,f,73,246635.0,2666.65139374918,6577
2015,f,74,235442.0,3055.52983851166,7195
2015,f,75,241949.0,3348.24961180213,8102
2015,f,76,235966.0,3689.7302004277,8707
2015,f,77,225742.0,4070.85878024793,9190
2015,f,78,215462.0,4435.85266483745,9558
2015,f,79,203714.0,4977.39512046874,10140
2015,f,80,191636.0,5661.84359802773,10851
2015,f,81,177087.0,6224.54453340751,11023
2015,f,82,170407.0,7134.39077935347,12158
2015,f,83,161513.0,8067.77455712856,13031
2015,f,84,153037.0,8954.29022504878,13704
2015,f,85,138257.0,10126.9847387082,14002
2015,f,86,123258.0,11237.9966200045,13852
2015,f,87,108013.0,12485.3538957001,13486
2015,f,88,97681.0,14102.8191617356,13776
2015,f,89,85339.0,15306.1201564582,13063
2015,f,90,73600.0,17008.736373695,12519
2015,f,91,63276.0,18985.6058904197,12014
2015,f,92,53574.0,20574.9383017036,11023
2015,f,93,45485.0,22701.0280242219,10326
2015,f,94,37550.0,25821.9173253051,9697
2015,f,95,26967.0,26324.4643277608,7099
2015,f,96,15929.0,27987.1814436136,4459
2015,f,97,10186.0,31663.7301787063,3226
2015,f,98,8308.0,34966.5010710542,2906
2015,f,99,5579.0,37415.8815612382,2088
2015,f,100 and over,4121.0,42450.9904546854,1750
2015,m,0,398371.0,438.591837295613,1748
2015,m,1,397944.0,29.2466110179667,117
2015,m,2,415105.0,16.1991409232901,68
2015,m,3,411809.0,12.4803562430563,52
2015,m,4,405094.0,11.6335042548355,48
2015,m,5,402835.0,7.49238827731263,31
2015,m,6,399392.0,8.78107677954009,36
2015,m,7,401476.0,9.50274452663236,39
2015,m,8,390608.0,7.25441385743138,29
2015,m,9,380319.0,7.96308979443348,31
2015,m,10,363855.0,10.1025340744517,37
2015,m,11,359845.0,11.4086915894514,42
2015,m,12,347755.0,8.35629282817686,30
2015,m,13,347550.0,10.7161376219974,38
2015,m,14,356419.0,9.66733659007489,35
2015,m,15,369336.0,17.9468411885363,67
2015,m,16,377435.0,18.9915858169276,72
2015,m,17,383441.0,29.8401543271571,115
2015,m,18,391161.0,42.8937938506912,168
2015,m,19,399093.0,45.8058975093043,183
2015,m,20,396778.0,46.1683570016297,184
2015,m,21,406998.0,50.7707459194905,207
2015,m,22,410847.0,50.7790330844931,209
2015,m,23,423689.0,53.6889930853051,228
2015,m,24,446543.0,55.2744230936104,247
2015,m,25,432698.0,65.8936608101845,286
2015,m,26,429396.0,52.8746697424702,228
2015,m,27,432738.0,62.4108192174992,271
2015,m,28,418035.0,66.2587753607605,277
2015,m,29,434139.0,63.9501234231733,278
2015,m,30,429741.0,70.5560301378274,304
2015,m,31,424222.0,70.5386263812734,300
2015,m,32,423884.0,98.163863370189,417
2015,m,33,427148.0,89.0768888165812,381
2015,m,34,436151.0,99.1429742434338,433
2015,m,35,430878.0,102.431925688624,442
2015,m,36,410215.0,114.733916007498,471
2015,m,37,386154.0,118.145258583478,457
2015,m,38,388370.0,128.092597058114,498
2015,m,39,389436.0,135.371841575504,528
2015,m,40,399592.0,151.505681463055,606
2015,m,41,407788.0,159.406370675604,651
2015,m,42,427418.0,185.067389691488,792
2015,m,43,446492.0,184.780355905489,826
2015,m,44,450355.0,209.014813317293,942
2015,m,45,444143.0,211.820841753482,941
2015,m,46,454344.0,234.804682572595,1067
2015,m,47,454635.0,271.388061438149,1234
2015,m,48,462194.0,268.426905589629,1241
2015,m,49,460270.0,307.055308283422,1414
2015,m,50,464757.0,348.806377805341,1622
2015,m,51,456322.0,346.823785066797,1583
2015,m,52,449268.0,366.249451177404,1646
2015,m,53,437110.0,398.677943396179,1743
2015,m,54,425209.0,443.542956443023,1886
2015,m,55,405106.0,495.922445656525,2010
2015,m,56,398788.0,553.623271011478,2208
2015,m,57,390712.0,604.034386034847,2361
2015,m,58,373986.0,642.454597845473,2403
2015,m,59,358896.0,686.649760103107,2465
2015,m,60,349798.0,811.94369457729,2841
2015,m,61,350644.0,873.109676205195,3062
2015,m,62,340909.0,936.879478994444,3194
2015,m,63,335208.0,1066.76114727226,3576
2015,m,64,335144.0,1165.06549055603,3905
2015,m,65,343216.0,1222.4681363447,4196
2015,m,66,351167.0,1323.90471007835,4650
2015,m,67,378771.0,1462.36387812689,5540
2015,m,68,379448.0,1582.67092666752,6006
2015,m,69,289970.0,1731.32077557297,5021
2015,m,70,302460.0,1931.44777600065,5842
2015,m,71,281950.0,2175.60257618153,6135
2015,m,72,263425.0,2401.93445879953,6328
2015,m,73,227146.0,2666.65139374918,6058
2015,m,74,214058.0,3055.52983851166,6541
2015,m,75,218827.0,3348.24961180213,7327
2015,m,76,210986.0,3689.7302004277,7785
2015,m,77,200909.0,4070.85878024793,8179
2015,m,78,187903.0,4435.85266483745,8336
2015,m,79,173867.0,4977.39512046874,8655
2015,m,80,161514.0,5661.84359802773,9145
2015,m,81,145447.0,6224.54453340751,9054
2015,m,82,135928.0,7134.39077935347,9698
2015,m,83,125077.0,8067.77455712856,10091
2015,m,84,113871.0,8954.29022504878,10197
2015,m,85,98768.0,10126.9847387082,10003
2015,m,86,85303.0,11237.9966200045,9587
2015,m,87,72164.0,12485.3538957001,9010
2015,m,88,62896.0,14102.8191617356,8871
2015,m,89,52280.0,15306.1201564582,8003
2015,m,90,42157.0,17008.736373695,7171
2015,m,91,33904.0,18985.6058904197,6437
2015,m,92,26855.0,20574.9383017036,5526
2015,m,93,21472.0,22701.0280242219,4875
2015,m,94,16434.0,25821.9173253051,4244
2015,m,95,10968.0,26324.4643277608,2888
2015,m,96,5894.0,27987.1814436136,1650
2015,m,97,3521.0,31663.7301787063,1115
2015,m,98,2654.0,34966.5010710542,929
2015,m,99,1669.0,37415.8815612382,625
2015,m,100 and over,1142.0,42450.9904546854,485
2016,f,0,378182.0,415.845014742679,1573
2016,f,1,376323.0,27.5505238756935,104
2016,f,2,377523.0,15.7128947723641,60
2016,f,3,393994.0,12.2290640371941,49
2016,f,4,391816.0,7.94968318174379,32
2016,f,5,385921.0,10.6199953272021,41
2016,f,6,385067.0,7.21000676839385,28
2016,f,7,382969.0,7.52045229455671,29
2016,f,8,381457.0,5.81776752261581,23
2016,f,9,372927.0,7.21369931249093,27
2016,f,10,363893.0,7.40526999869769,27
2016,f,11,347113.0,8.45595290826976,30
2016,f,12,343004.0,9.71723192502076,34
2016,f,13,330363.0,8.57939416331361,29
2016,f,14,331429.0,14.5570594739863,49
2016,f,15,340912.0,15.0587152999285,52
2016,f,16,350499.0,23.0919221072308,81
2016,f,17,359630.0,29.5884821044358,107
2016,f,18,365619.0,38.9971689313329,143
2016,f,19,372395.0,44.4727428260362,166
2016,f,20,374781.0,47.1969932178159,177
2016,f,21,376531.0,52.5771342514684,198
2016,f,22,385679.0,51.2017701183384,198
2016,f,23,396580.0,56.2032186499885,223
2016,f,24,417998.0,56.1943995669726,235
2016,f,25,424807.0,62.0531875262357,264
2016,f,26,416968.0,64.4391408114558,269
2016,f,27,424291.0,61.5057500436079,261
2016,f,28,433307.0,69.7021202444553,303
2016,f,29,427722.0,73.9045264262359,317
2016,f,30,428773.0,75.725497312641,325
2016,f,31,431000.0,82.3485030158456,355
2016,f,32,427633.0,93.6623883107507,401
2016,f,33,430892.0,91.9785157913177,397
2016,f,34,435324.0,99.040160670256,432
2016,f,35,440303.0,102.003123417789,450
2016,f,36,433489.0,113.335430229593,492
2016,f,37,409141.0,112.014706984034,459
2016,f,38,386791.0,122.831492910233,476
2016,f,39,386540.0,137.868133751345,533
2016,f,40,394404.0,154.014478885911,608
2016,f,41,403983.0,176.391298862076,713
2016,f,42,412809.0,177.720060916856,734
2016,f,43,432578.0,209.211652455067,906
2016,f,44,453193.0,225.912463993087,1024
2016,f,45,462589.0,224.891320000596,1041
2016,f,46,454031.0,239.938967197656,1090
2016,f,47,466598.0,275.074000288916,1284
2016,f,48,464386.0,283.728141916492,1318
2016,f,49,469881.0,302.156586018788,1420
2016,f,50,471930.0,343.786204714751,1623
2016,f,51,475519.0,349.125076532444,1661
2016,f,52,466975.0,385.060101916189,1799
2016,f,53,457255.0,404.091062992583,1848
2016,f,54,443183.0,433.789174962668,1923
2016,f,55,430582.0,511.786066892585,2204
2016,f,56,410386.0,543.707261414185,2232
2016,f,57,404274.0,566.991762261523,2293
2016,f,58,394655.0,634.761344462272,2506
2016,f,59,379156.0,720.604461533274,2733
2016,f,60,362940.0,791.271568741889,2872
2016,f,61,355405.0,872.243636094489,3100
2016,f,62,355438.0,937.498205951076,3333
2016,f,63,347050.0,1049.84469591515,3644
2016,f,64,340774.0,1126.11163883051,3838
2016,f,65,342346.0,1247.01960520513,4270
2016,f,66,352223.0,1359.20599029075,4788
2016,f,67,358444.0,1434.63659558094,5143
2016,f,68,387753.0,1588.84389170991,6161
2016,f,69,388848.0,1755.68695583176,6827
2016,f,70,298701.0,1880.57875324951,5618
2016,f,71,312093.0,2159.7798983254,6741
2016,f,72,291670.0,2335.74849564043,6813
2016,f,73,275656.0,2568.89029030132,7082
2016,f,74,240058.0,2898.31069005845,6958
2016,f,75,228247.0,3269.44310414749,7463
2016,f,76,233847.0,3566.22037598308,8340
2016,f,77,227259.0,3994.72991414061,9079
2016,f,78,216552.0,4422.69944931123,9578
2016,f,79,205904.0,4896.62196870532,10083
2016,f,80,193574.0,5452.13886135912,10554
2016,f,81,180785.0,6093.99839991229,11018
2016,f,82,166064.0,6830.90547572378,11344
2016,f,83,158249.0,7758.84787248522,12279
2016,f,84,148482.0,8748.24721123459,12990
2016,f,85,139333.0,9727.43244061904,13554
2016,f,86,124255.0,10783.3509038459,13399
2016,f,87,109406.0,11945.0143169027,13069
2016,f,88,94527.0,13508.6944613682,12770
2016,f,89,83905.0,14930.9182776994,12528
2016,f,90,72276.0,16417.9334666536,11867
2016,f,91,61081.0,17723.344795168,10826
2016,f,92,51262.0,19617.6309090002,10057
2016,f,93,42551.0,22077.9361083802,9395
2016,f,94,35159.0,23831.0539470359,8379
2016,f,95,27853.0,26399.1233042361,7353
2016,f,96,19868.0,28278.4556694895,5619
2016,f,97,11470.0,29260.3453893777,3357
2016,f,98,6960.0,32199.2935489868,2242
2016,f,99,5402.0,34693.5952413889,1875
2016,f,100 and over,3491.0,40781.36425363,1424
2016,m,0,398983.0,415.845014742679,1660
2016,m,1,396623.0,27.5505238756935,110
2016,m,2,397827.0,15.7128947723641,63
2016,m,3,415037.0,12.2290640371941,51
2016,m,4,411757.0,7.94968318174379,33
2016,m,5,405046.0,10.6199953272021,44
2016,m,6,402804.0,7.21000676839385,30
2016,m,7,399356.0,7.52045229455671,31
2016,m,8,401437.0,5.81776752261581,24
2016,m,9,390579.0,7.21369931249093,29
2016,m,10,380288.0,7.40526999869769,29
2016,m,11,363818.0,8.45595290826976,31
2016,m,12,359803.0,9.71723192502076,35
2016,m,13,347725.0,8.57939416331361,30
2016,m,14,347512.0,14.5570594739863,51
2016,m,15,356384.0,15.0587152999285,54
2016,m,16,369269.0,23.0919221072308,86
2016,m,17,377363.0,29.5884821044358,112
2016,m,18,383326.0,38.9971689313329,150
2016,m,19,390993.0,44.4727428260362,174
2016,m,20,398910.0,47.1969932178159,189
2016,m,21,396594.0,52.5771342514684,209
2016,m,22,406791.0,51.2017701183384,209
2016,m,23,410638.0,56.2032186499885,231
2016,m,24,423461.0,56.1943995669726,238
2016,m,25,446296.0,62.0531875262357,277
2016,m,26,432412.0,64.4391408114558,279
2016,m,27,429168.0,61.5057500436079,264
2016,m,28,432467.0,69.7021202444553,302
2016,m,29,417758.0,73.9045264262359,309
2016,m,30,433861.0,75.725497312641,329
2016,m,31,429437.0,82.3485030158456,354
2016,m,32,423922.0,93.6623883107507,398
2016,m,33,423467.0,91.9785157913177,390
2016,m,34,426767.0,99.040160670256,423
2016,m,35,435718.0,102.003123417789,445
2016,m,36,430436.0,113.335430229593,488
2016,m,37,409744.0,112.014706984034,459
2016,m,38,385697.0,122.831492910233,474
2016,m,39,387872.0,137.868133751345,535
2016,m,40,388908.0,154.014478885911,599
2016,m,41,398986.0,176.391298862076,704
2016,m,42,407137.0,177.720060916856,724
2016,m,43,426626.0,209.211652455067,893
2016,m,44,445666.0,225.912463993087,1007
2016,m,45,449413.0,224.891320000596,1011
2016,m,46,443202.0,239.938967197656,1064
2016,m,47,453277.0,275.074000288916,1247
2016,m,48,453401.0,283.728141916492,1287
2016,m,49,460953.0,302.156586018788,1393
2016,m,50,458856.0,343.786204714751,1578
2016,m,51,463135.0,349.125076532444,1617
2016,m,52,454739.0,385.060101916189,1752
2016,m,53,447622.0,404.091062992583,1809
2016,m,54,435367.0,433.789174962668,1889
2016,m,55,423323.0,511.786066892585,2167
2016,m,56,403096.0,543.707261414185,2192
2016,m,57,396580.0,566.991762261523,2249
2016,m,58,388351.0,634.761344462272,2466
2016,m,59,371583.0,720.604461533274,2678
2016,m,60,356431.0,791.271568741889,2821
2016,m,61,346957.0,872.243636094489,3027
2016,m,62,347582.0,937.498205951076,3259
2016,m,63,337715.0,1049.84469591515,3546
2016,m,64,331632.0,1126.11163883051,3735
2016,m,65,331239.0,1247.01960520513,4131
2016,m,66,339020.0,1359.20599029075,4608
2016,m,67,346517.0,1434.63659558094,4972
2016,m,68,373231.0,1588.84389170991,5931
2016,m,69,373442.0,1755.68695583176,6557
2016,m,70,284949.0,1880.57875324951,5359
2016,m,71,296618.0,2159.7798983254,6407
2016,m,72,275815.0,2335.74849564043,6443
2016,m,73,257097.0,2568.89029030132,6605
2016,m,74,221088.0,2898.31069005845,6408
2016,m,75,207517.0,3269.44310414749,6785
2016,m,76,211500.0,3566.22037598308,7543
2016,m,77,203201.0,3994.72991414061,8118
2016,m,78,192730.0,4422.69944931123,8524
2016,m,79,179567.0,4896.62196870532,8793
2016,m,80,165212.0,5452.13886135912,9008
2016,m,81,152369.0,6093.99839991229,9286
2016,m,82,136393.0,6830.90547572378,9317
2016,m,83,126230.0,7758.84787248522,9794
2016,m,84,114986.0,8748.24721123459,10060
2016,m,85,103674.0,9727.43244061904,10085
2016,m,86,88765.0,10783.3509038459,9572
2016,m,87,75716.0,11945.0143169027,9045
2016,m,88,63154.0,13508.6944613682,8532
2016,m,89,54025.0,14930.9182776994,8067
2016,m,90,44277.0,16417.9334666536,7270
2016,m,91,34986.0,17723.344795168,6201
2016,m,92,27467.0,19617.6309090002,5389
2016,m,93,21329.0,22077.9361083802,4710
2016,m,94,16597.0,23831.0539470359,3956
2016,m,95,12190.0,26399.1233042361,3219
2016,m,96,8080.0,28278.4556694895,2285
2016,m,97,4244.0,29260.3453893777,1242
2016,m,98,2406.0,32199.2935489868,775
2016,m,99,1725.0,34693.5952413889,599
2016,m,100 and over,1044.0,40781.36425363,426
2017,f,0,377128.0,427.990572976841,1615
2017,f,1,376609.0,24.3100835497882,92
2017,f,2,376219.0,14.2857505278893,54
2017,f,3,377463.0,11.4568469267867,44
2017,f,4,393945.0,11.1954675030713,45
2017,f,5,391784.0,9.53732072817444,38
2017,f,6,385880.0,7.28227110544582,29
2017,f,7,385039.0,7.89620793586844,31
2017,f,8,382940.0,7.96895488364118,31
2017,f,9,381434.0,8.20195876043074,32
2017,f,10,372900.0,5.9394436597367,23
2017,f,11,363866.0,7.62115976904075,28
2017,f,12,347083.0,10.2510320029334,36
2017,f,13,342970.0,12.6185717857461,44
2017,f,14,330334.0,10.9992774849602,37
2017,f,15,331380.0,17.7879873413456,59
2017,f,16,340860.0,23.9147493537243,82
2017,f,17,350418.0,31.031858607807,109
2017,f,18,359523.0,37.6632857717713,136
2017,f,19,365476.0,41.8688754769475,154
2017,f,20,372229.0,46.4216032741588,173
2017,f,21,374604.0,45.4118448444321,171
2017,f,22,376333.0,45.9309840334457,173
2017,f,23,385481.0,49.1565238862196,190
2017,f,24,396357.0,48.9729028772423,195
2017,f,25,417763.0,58.7908499061924,246
2017,f,26,424543.0,54.3848450419997,231
2017,f,27,416699.0,60.1932408728345,251
2017,f,28,424030.0,67.7869300526367,288
2017,f,29,433004.0,67.3758434406303,292
2017,f,30,427405.0,71.4182800285899,306
2017,f,31,428448.0,77.9551556246997,334
2017,f,32,430645.0,86.1803666424752,372
2017,f,33,427232.0,84.6218917866026,362
2017,f,34,430495.0,95.5579342947319,412
2017,f,35,434892.0,103.959129342292,453
2017,f,36,439853.0,120.947026628599,532
2017,f,37,432997.0,127.36274645393,552
2017,f,38,408682.0,120.743523405348,494
2017,f,39,386315.0,143.432556606547,555
2017,f,40,386007.0,144.582799654594,559
2017,f,41,393796.0,177.914743890138,701
2017,f,42,403270.0,179.260351317832,723
2017,f,43,412075.0,202.767879391024,836
2017,f,44,431672.0,195.912583101543,846
2017,f,45,452169.0,224.33157785419,1015
2017,f,46,461548.0,238.216401607685,1100
2017,f,47,452941.0,275.093573369023,1247
2017,f,48,465314.0,288.704835586114,1344
2017,f,49,463068.0,322.481555694751,1494
2017,f,50,468461.0,329.95247216026,1546
2017,f,51,470307.0,354.648006714294,1668
2017,f,52,473858.0,393.926994747012,1867
2017,f,53,465176.0,388.927733955168,1810
2017,f,54,455407.0,446.539814805586,2034
2017,f,55,441260.0,469.168502422405,2071
2017,f,56,428378.0,542.416070129995,2324
2017,f,57,408154.0,589.909610722374,2408
2017,f,58,401981.0,636.929534512541,2561
2017,f,59,392149.0,704.532737505793,2763
2017,f,60,376423.0,779.454847151698,2935
2017,f,61,360068.0,836.699185766713,3013
2017,f,62,352305.0,922.372700521416,3250
2017,f,63,352105.0,1028.90186794168,3623
2017,f,64,343406.0,1137.94539595608,3908
2017,f,65,336936.0,1193.05102229106,4020
2017,f,66,338076.0,1359.28520294925,4596
2017,f,67,347435.0,1471.67935364344,5114
2017,f,68,353301.0,1564.86518244089,5529
2017,f,69,381592.0,1702.55556952206,6497
2017,f,70,382021.0,1870.10402167847,7145
2017,f,71,293083.0,2010.41358247849,5893
2017,f,72,305352.0,2352.2395390242,7183
2017,f,73,284857.0,2608.28160824885,7430
2017,f,74,268574.0,2891.76342242656,7767
2017,f,75,233100.0,3224.16806833548,7516
2017,f,76,220784.0,3639.39583683318,8036
2017,f,77,225507.0,3941.12590634247,8888
2017,f,78,218180.0,4391.02767516198,9581
2017,f,79,206974.0,4906.78910303953,10156
2017,f,80,195821.0,5476.79158232762,10725
2017,f,81,183020.0,6104.75736391388,11173
2017,f,82,169767.0,6813.13013886834,11567
2017,f,83,154720.0,7717.85652494131,11942
2017,f,84,145970.0,8633.70454162731,12603
2017,f,85,135492.0,9670.19450538355,13103
2017,f,86,125779.0,10872.1567879453,13675
2017,f,87,110856.0,12214.9746918635,13542
2017,f,88,96337.0,13436.2045714876,12945
2017,f,89,81757.0,14842.8066819224,12136
2017,f,90,71377.0,16337.2779880259,11662
2017,f,91,60409.0,18393.3586396321,11112
2017,f,92,50255.0,20094.7236698294,10099
2017,f,93,41205.0,21790.8644374984,8979
2017,f,94,33156.0,23811.4713638992,7895
2017,f,95,26780.0,26943.2975631777,7216
2017,f,96,20500.0,29598.8575879528,6068
2017,f,97,14249.0,30797.4615796315,4389
2017,f,98,8113.0,30116.0756877087,2444
2017,f,99,4718.0,37680.1405975396,1778
2017,f,100 and over,3527.0,38745.4283497728,1367
2017,m,0,397707.0,427.990572976841,1703
2017,m,1,397323.0,24.3100835497882,97
2017,m,2,396513.0,14.2857505278893,57
2017,m,3,397764.0,11.4568469267867,46
2017,m,4,414986.0,11.1954675030713,47
2017,m,5,411724.0,9.53732072817444,40
2017,m,6,405002.0,7.28227110544582,30
2017,m,7,402774.0,7.89620793586844,32
2017,m,8,399325.0,7.96895488364118,32
2017,m,9,401413.0,8.20195876043074,33
2017,m,10,390550.0,5.9394436597367,24
2017,m,11,380259.0,7.62115976904075,29
2017,m,12,363787.0,10.2510320029334,38
2017,m,13,359768.0,12.6185717857461,46
2017,m,14,347695.0,10.9992774849602,39
2017,m,15,347461.0,17.7879873413456,62
2017,m,16,356330.0,23.9147493537243,86
2017,m,17,369183.0,31.031858607807,115
2017,m,18,377251.0,37.6632857717713,143
2017,m,19,383176.0,41.8688754769475,161
2017,m,20,390819.0,46.4216032741588,182
2017,m,21,398721.0,45.4118448444321,182
2017,m,22,396385.0,45.9309840334457,183
2017,m,23,406582.0,49.1565238862196,200
2017,m,24,410407.0,48.9729028772423,201
2017,m,25,423223.0,58.7908499061924,249
2017,m,26,446019.0,54.3848450419997,243
2017,m,27,432133.0,60.1932408728345,261
2017,m,28,428904.0,67.7869300526367,291
2017,m,29,432165.0,67.3758434406303,292
2017,m,30,417449.0,71.4182800285899,299
2017,m,31,433532.0,77.9551556246997,338
2017,m,32,429083.0,86.1803666424752,370
2017,m,33,423524.0,84.6218917866026,359
2017,m,34,423077.0,95.5579342947319,405
2017,m,35,426344.0,103.959129342292,444
2017,m,36,435273.0,120.947026628599,527
2017,m,37,429948.0,127.36274645393,548
2017,m,38,409285.0,120.743523405348,495
2017,m,39,385223.0,143.432556606547,553
2017,m,40,387337.0,144.582799654594,561
2017,m,41,388309.0,177.914743890138,691
2017,m,42,398282.0,179.260351317832,714
2017,m,43,406413.0,202.767879391024,825
2017,m,44,425733.0,195.912583101543,835
2017,m,45,444659.0,224.33157785419,998
2017,m,46,448402.0,238.216401607685,1069
2017,m,47,442138.0,275.093573369023,1217
2017,m,48,452030.0,288.704835586114,1306
2017,m,49,452114.0,322.481555694751,1458
2017,m,50,459560.0,329.95247216026,1517
2017,m,51,457278.0,354.648006714294,1622
2017,m,52,461518.0,393.926994747012,1819
2017,m,53,452987.0,388.927733955168,1762
2017,m,54,445813.0,446.539814805586,1991
2017,m,55,433478.0,469.168502422405,2034
2017,m,56,421156.0,542.416070129995,2285
2017,m,57,400904.0,589.909610722374,2365
2017,m,58,394331.0,636.929534512541,2512
2017,m,59,385885.0,704.532737505793,2719
2017,m,60,368905.0,779.454847151698,2876
2017,m,61,353610.0,836.699185766713,2959
2017,m,62,343930.0,922.372700521416,3173
2017,m,63,344323.0,1028.90186794168,3543
2017,m,64,334169.0,1137.94539595608,3803
2017,m,65,327897.0,1193.05102229106,3912
2017,m,66,327108.0,1359.28520294925,4447
2017,m,67,334412.0,1471.67935364344,4922
2017,m,68,341545.0,1564.86518244089,5345
2017,m,69,367300.0,1702.55556952206,6254
2017,m,70,366885.0,1870.10402167847,6862
2017,m,71,279590.0,2010.41358247849,5621
2017,m,72,290211.0,2352.2395390242,6827
2017,m,73,269372.0,2608.28160824885,7026
2017,m,74,250492.0,2891.76342242656,7244
2017,m,75,214680.0,3224.16806833548,6922
2017,m,76,200732.0,3639.39583683318,7306
2017,m,77,203957.0,3941.12590634247,8039
2017,m,78,195083.0,4391.02767516198,8567
2017,m,79,184206.0,4906.78910303953,9039
2017,m,80,170774.0,5476.79158232762,9353
2017,m,81,156204.0,6104.75736391388,9536
2017,m,82,143083.0,6813.13013886834,9749
2017,m,83,127076.0,7717.85652494131,9808
2017,m,84,116436.0,8633.70454162731,10053
2017,m,85,104926.0,9670.19450538355,10147
2017,m,86,93589.0,10872.1567879453,10176
2017,m,87,79193.0,12214.9746918635,9674
2017,m,88,66671.0,13436.2045714876,8959
2017,m,89,54622.0,14842.8066819224,8108
2017,m,90,45958.0,16337.2779880259,7509
2017,m,91,37007.0,18393.3586396321,6807
2017,m,92,28785.0,20094.7236698294,5785
2017,m,93,22078.0,21790.8644374984,4811
2017,m,94,16619.0,23811.4713638992,3958
2017,m,95,12641.0,26943.2975631777,3406
2017,m,96,8971.0,29598.8575879528,2656
2017,m,97,5795.0,30797.4615796315,1785
2017,m,98,3002.0,30116.0756877087,905
2017,m,99,1631.0,37680.1405975396,615
2017,m,100 and over,1126.0,38745.4283497728,437
2018,f,0,367858.0,417.446173052067,1536
2018,f,1,375513.0,25.3339040217446,96
2018,f,2,376517.0,11.7978532233013,45
2018,f,3,376165.0,10.505746771752,40
2018,f,4,377419.0,10.6463096321882,41
2018,f,5,393900.0,7.81383652862025,31
2018,f,6,391746.0,9.4910016334361,38
2018,f,7,385851.0,7.71821498737019,30
2018,f,8,385008.0,7.38558375743361,29
2018,f,9,382909.0,4.08710215741895,16
2018,f,10,381402.0,9.36700089647002,36
2018,f,11,372877.0,9.60396274278094,36
2018,f,12,363838.0,9.85342400167761,36
2018,f,13,347047.0,11.7615617785834,41
2018,f,14,342926.0,14.4030966657831,50
2018,f,15,330297.0,20.7421599411578,69
2018,f,16,331321.0,22.8810872651587,76
2018,f,17,340778.0,34.9786999897082,120
2018,f,18,350309.0,45.1619454805773,159
2018,f,19,359387.0,48.6465197313091,175
2018,f,20,365322.0,51.2202278632578,188
2018,f,21,372056.0,54.5471324255076,203
2018,f,22,374433.0,51.1471217449037,192
2018,f,23,376160.0,51.919588962263,196
2018,f,24,385291.0,58.1006852347708,224
2018,f,25,396162.0,59.292909760538,235
2018,f,26,417517.0,61.0952524079439,256
2018,f,27,424312.0,59.7735649274338,254
2018,f,28,416448.0,71.0865849188946,297
2018,f,29,423742.0,77.7187568950698,330
2018,f,30,432712.0,77.6266960854202,336
2018,f,31,427099.0,88.2516662157217,377
2018,f,32,428114.0,77.8245358621835,334
2018,f,33,430273.0,97.5985429771538,420
2018,f,34,426870.0,99.143396464574,424
2018,f,35,430083.0,108.25582851909,466
2018,f,36,434439.0,115.232380989072,501
2018,f,37,439321.0,135.861305016336,597
2018,f,38,432445.0,126.50435188148,548
2018,f,39,408188.0,137.369207373138,561
2018,f,40,385760.0,158.820092758497,613
2018,f,41,385448.0,163.81972127538,632
2018,f,42,393095.0,196.327245516681,772
2018,f,43,402547.0,207.939974494277,838
2018,f,44,411239.0,218.617452470879,900
2018,f,45,430826.0,242.062745551495,1043
2018,f,46,451154.0,258.781830221521,1168
2018,f,47,460448.0,268.923235343187,1239
2018,f,48,451694.0,287.502118708553,1299
2018,f,49,463970.0,323.891806494449,1503
2018,f,50,461574.0,339.40160499102,1567
2018,f,51,466915.0,361.537062278921,1689
2018,f,52,468639.0,396.760583103709,1860
2018,f,53,471991.0,431.824447500473,2039
2018,f,54,463366.0,448.197572807605,2077
2018,f,55,453373.0,486.672049453521,2207
2018,f,56,439189.0,528.380420266969,2321
2018,f,57,426054.0,603.130385486528,2570
2018,f,58,405746.0,657.073628430741,2667
2018,f,59,399420.0,688.15808261797,2749
2018,f,60,389386.0,756.393355502297,2946
2018,f,61,373488.0,848.796561690924,3171
2018,f,62,357055.0,920.791014071238,3288
2018,f,63,349055.0,1039.83442992082,3630
2018,f,64,348482.0,1071.89953752251,3736
2018,f,65,339498.0,1217.67769982998,4134
2018,f,66,332916.0,1339.95769439822,4461
2018,f,67,333480.0,1433.81584198001,4782
2018,f,68,342321.0,1603.70416029781,5490
2018,f,69,347772.0,1767.19221242336,6146
2018,f,70,375095.0,1879.65187186823,7051
2018,f,71,374876.0,2060.34604037514,7724
2018,f,72,287190.0,2195.20106604013,6305
2018,f,73,298169.0,2583.61580602963,7704
2018,f,74,277427.0,2828.6107718323,7848
2018,f,75,260807.0,3167.66186482511,8262
2018,f,76,225584.0,3495.09205275341,7885
2018,f,77,212748.0,3972.86324664543,8453
2018,f,78,216619.0,4368.05369470071,9463
2018,f,79,208599.0,4829.70534095379,10075
2018,f,80,196818.0,5422.94135381802,10674
2018,f,81,185096.0,6107.18818524393,11305
2018,f,82,171847.0,6682.99510146956,11485
2018,f,83,158200.0,7574.94068462738,11984
2018,f,84,142778.0,8495.96324738427,12131
2018,f,85,133367.0,9442.38182407982,12594
2018,f,86,122389.0,10902.8458400548,13344
2018,f,87,112104.0,11987.6168173481,13439
2018,f,88,97314.0,13523.7229209327,13161
2018,f,89,83392.0,15253.3752828608,12721
2018,f,90,69621.0,16169.4031358902,11258
2018,f,91,59715.0,17776.8660611125,10616
2018,f,92,49297.0,19969.3097760991,9845
2018,f,93,40156.0,21562.6782712297,8659
2018,f,94,32226.0,23990.3951102379,7732
2018,f,95,25261.0,25873.2212160414,6536
2018,f,96,19564.0,28976.7740414216,5670
2018,f,97,14432.0,31513.4026881312,4549
2018,f,98,9860.0,32764.1901245962,3231
2018,f,99,5669.0,34455.4455445545,1954
2018,f,100 and over,2940.0,38322.8029867892,1127
2018,m,0,387184.0,417.446173052067,1617
2018,m,1,396004.0,25.3339040217446,101
2018,m,2,397226.0,11.7978532233013,47
2018,m,3,396456.0,10.505746771752,42
2018,m,4,397718.0,10.6463096321882,43
2018,m,5,414939.0,7.81383652862025,33
2018,m,6,411684.0,9.4910016334361,40
2018,m,7,404972.0,7.71821498737019,32
2018,m,8,402742.0,7.38558375743361,30
2018,m,9,399293.0,4.08710215741895,17
2018,m,10,401380.0,9.36700089647002,38
2018,m,11,390526.0,9.60396274278094,38
2018,m,12,380230.0,9.85342400167761,38
2018,m,13,363749.0,11.7615617785834,43
2018,m,14,359722.0,14.4030966657831,52
2018,m,15,347656.0,20.7421599411578,73
2018,m,16,347399.0,22.8810872651587,80
2018,m,17,356244.0,34.9786999897082,125
2018,m,18,369068.0,45.1619454805773,167
2018,m,19,377108.0,48.6465197313091,184
2018,m,20,383015.0,51.2202278632578,197
2018,m,21,390637.0,54.5471324255076,214
2018,m,22,398539.0,51.1471217449037,204
2018,m,23,396202.0,51.919588962263,206
2018,m,24,406382.0,58.1006852347708,237
2018,m,25,410206.0,59.292909760538,244
2018,m,26,422974.0,61.0952524079439,259
2018,m,27,445776.0,59.7735649274338,267
2018,m,28,431872.0,71.0865849188946,308
2018,m,29,428613.0,77.7187568950698,334
2018,m,30,431873.0,77.6266960854202,336
2018,m,31,417150.0,88.2516662157217,369
2018,m,32,433194.0,77.8245358621835,338
2018,m,33,428713.0,97.5985429771538,419
2018,m,34,423165.0,99.143396464574,420
2018,m,35,422672.0,108.25582851909,458
2018,m,36,425900.0,115.232380989072,491
2018,m,37,434746.0,135.861305016336,591
2018,m,38,429400.0,126.50435188148,544
2018,m,39,408790.0,137.369207373138,562
2018,m,40,384670.0,158.820092758497,611
2018,m,41,386776.0,163.81972127538,634
2018,m,42,387618.0,196.327245516681,761
2018,m,43,397568.0,207.939974494277,827
2018,m,44,405588.0,218.617452470879,887
2018,m,45,424898.0,242.062745551495,1029
2018,m,46,443661.0,258.781830221521,1149
2018,m,47,447333.0,268.923235343187,1203
2018,m,48,440921.0,287.502118708553,1268
2018,m,49,450724.0,323.891806494449,1460
2018,m,50,450656.0,339.40160499102,1530
2018,m,51,458043.0,361.537062278921,1656
2018,m,52,455656.0,396.760583103709,1808
2018,m,53,459699.0,431.824447500473,1986
2018,m,54,451225.0,448.197572807605,2023
2018,m,55,443822.0,486.672049453521,2160
2018,m,56,431444.0,528.380420266969,2280
2018,m,57,418871.0,603.130385486528,2527
2018,m,58,398539.0,657.073628430741,2619
2018,m,59,391819.0,688.15808261797,2697
2018,m,60,383166.0,756.393355502297,2899
2018,m,61,366029.0,848.796561690924,3107
2018,m,62,350651.0,920.791014071238,3229
2018,m,63,340757.0,1039.83442992082,3544
2018,m,64,340780.0,1071.89953752251,3653
2018,m,65,330366.0,1217.67769982998,4023
2018,m,66,323985.0,1339.95769439822,4342
2018,m,67,322661.0,1433.81584198001,4627
2018,m,68,329490.0,1603.70416029781,5285
2018,m,69,336200.0,1767.19221242336,5942
2018,m,70,361046.0,1879.65187186823,6787
2018,m,71,360023.0,2060.34604037514,7418
2018,m,72,273969.0,2195.20106604013,6015
2018,m,73,283384.0,2583.61580602963,7322
2018,m,74,262346.0,2828.6107718323,7421
2018,m,75,243248.0,3167.66186482511,7706
2018,m,76,207758.0,3495.09205275341,7262
2018,m,77,193426.0,3972.86324664543,7685
2018,m,78,195918.0,4368.05369470071,8558
2018,m,79,186516.0,4829.70534095379,9009
2018,m,80,175167.0,5422.94135381802,9500
2018,m,81,161421.0,6107.18818524393,9859
2018,m,82,146668.0,6682.99510146956,9802
2018,m,83,133334.0,7574.94068462738,10100
2018,m,84,117268.0,8495.96324738427,9964
2018,m,85,106383.0,9442.38182407982,10046
2018,m,86,94779.0,10902.8458400548,10334
2018,m,87,83413.0,11987.6168173481,10000
2018,m,88,69519.0,13523.7229209327,9402
2018,m,89,57712.0,15253.3752828608,8804
2018,m,90,46514.0,16169.4031358902,7522
2018,m,91,38449.0,17776.8660611125,6836
2018,m,92,30200.0,19969.3097760991,6031
2018,m,93,23000.0,21562.6782712297,4960
2018,m,94,17267.0,23990.3951102379,4143
2018,m,95,12661.0,25873.2212160414,3276
2018,m,96,9235.0,28976.7740414216,2677
2018,m,97,6315.0,31513.4026881312,1991
2018,m,98,4010.0,32764.1901245962,1314
2018,m,99,2097.0,34455.4455445545,723
2018,m,100 and over,1016.0,38322.8029867892,390
2019,f,0,355684.0,434.802768525591,1547
2019,f,1,366322.0,23.3639279643373,86
2019,f,2,375417.0,13.5540270294407,51
2019,f,3,376472.0,8.2909696282884,32
2019,f,4,376125.0,7.28078246569159,28
2019,f,5,377378.0,8.18047327045397,31
2019,f,6,393869.0,9.66165644975953,39
2019,f,7,391708.0,5.07101875326123,20
2019,f,8,385821.0,4.89089091944965,19
2019,f,9,384979.0,5.45642069478028,22
2019,f,10,382893.0,6.94129252252255,27
2019,f,11,381366.0,8.36575061697411,32
2019,f,12,372841.0,11.2763892021219,43
2019,f,13,363802.0,13.5814291561846,50
2019,f,14,347006.0,10.9189853532861,38
2019,f,15,342876.0,13.7786532227641,48
2019,f,16,330228.0,21.1308885843422,70
2019,f,17,331245.0,28.6553869057163,95
2019,f,18,340658.0,37.1695518978209,127
2019,f,19,350150.0,43.7935110492683,154
2019,f,20,359212.0,55.0361771137561,198
2019,f,21,365134.0,53.954574903304,198
2019,f,22,371853.0,54.2062704956602,202
2019,f,23,374241.0,50.5268885639189,190
2019,f,24,375964.0,58.3849546989198,220
2019,f,25,385067.0,61.3158891486763,237
2019,f,26,395927.0,59.0824233122362,234
2019,f,27,417261.0,66.8205134623201,279
2019,f,28,424058.0,69.7257878800802,296
2019,f,29,416151.0,74.5346646952788,311
2019,f,30,423412.0,81.7108090825298,346
2019,f,31,432376.0,84.3248260731479,365
2019,f,32,426722.0,86.4816043127902,370
2019,f,33,427780.0,96.4652264960433,413
2019,f,34,429853.0,92.4109736344859,398
2019,f,35,426446.0,109.127012676806,466
2019,f,36,429617.0,107.794392561035,464
2019,f,37,433938.0,129.997087166332,565
2019,f,38,438724.0,132.074278620076,580
2019,f,39,431897.0,139.293264528121,602
2019,f,40,407627.0,154.09415140761,629
2019,f,41,385147.0,157.361967831582,607
2019,f,42,384816.0,168.910896934832,650
2019,f,43,392323.0,188.850821177437,741
2019,f,44,401709.0,213.320625578328,857
2019,f,45,410339.0,238.044414977715,977
2019,f,46,429783.0,251.753281783852,1082
2019,f,47,449986.0,265.44456740866,1195
2019,f,48,459209.0,280.11630579474,1287
2019,f,49,450395.0,308.454453618734,1390
2019,f,50,462467.0,345.858495961634,1600
2019,f,51,460007.0,365.282395393541,1681
2019,f,52,465226.0,382.581292435169,1780
2019,f,53,466779.0,417.179458795389,1948
2019,f,54,469952.0,450.274000488229,2117
2019,f,55,461289.0,473.656798634715,2185
2019,f,56,451166.0,547.136933275202,2469
2019,f,57,436868.0,564.861989666449,2468
2019,f,58,423484.0,623.553147053927,2641
2019,f,59,403079.0,685.876509561623,2765
2019,f,60,396671.0,744.703486428159,2955
2019,f,61,386440.0,811.005463636263,3135
2019,f,62,370317.0,919.373668255737,3405
2019,f,63,353767.0,982.544052187126,3476
2019,f,64,345425.0,1073.92922360282,3710
2019,f,65,344746.0,1195.52334734744,4122
2019,f,66,335364.0,1295.57912889864,4345
2019,f,67,328455.0,1413.42756183746,4643
2019,f,68,328698.0,1544.61196631758,5078
2019,f,69,336831.0,1702.82494942627,5736
2019,f,70,341626.0,1796.01288143687,6136
2019,f,71,368044.0,2027.75844668817,7464
2019,f,72,367152.0,2190.33720344565,8042
2019,f,73,280885.0,2393.43902877015,6723
2019,f,74,290465.0,2745.45652590549,7975
2019,f,75,269579.0,3074.54407456536,8289
2019,f,76,252545.0,3366.16387152261,8502
2019,f,77,217699.0,3693.21152659871,8041
2019,f,78,204295.0,4253.23624382554,8690
2019,f,79,207156.0,4751.11254330996,9843
2019,f,80,198524.0,5324.61415140856,10571
2019,f,81,186144.0,5829.55041658485,10852
2019,f,82,173791.0,6476.37300037016,11256
2019,f,83,160362.0,7328.17313691523,11752
2019,f,84,146216.0,8277.84945057742,12104
2019,f,85,130647.0,9243.00578862138,12076
2019,f,86,120773.0,10306.1125360672,12448
2019,f,87,109045.0,11419.6921512342,12453
2019,f,88,98665.0,13046.9199415898,12873
2019,f,89,84153.0,14534.5444148072,12232
2019,f,90,70671.0,15432.7228269814,10907
2019,f,91,58363.0,17211.6938618078,10046
2019,f,92,49099.0,18664.5947866688,9165
2019,f,93,39452.0,20752.4532883385,8188
2019,f,94,31497.0,23062.3041758693,7264
2019,f,95,24494.0,25046.265519162,6135
2019,f,96,18725.0,27073.5683717139,5070
2019,f,97,13894.0,29193.1163541628,4057
2019,f,98,9883.0,32623.648869964,3225
2019,f,99,6629.0,35021.0260723297,2322
2019,f,100 and over,3715.0,32899.4529334088,1223
2019,m,0,375529.0,434.802768525591,1633
2019,m,1,385567.0,23.3639279643373,91
2019,m,2,395903.0,13.5540270294407,54
2019,m,3,397179.0,8.2909696282884,33
2019,m,4,396414.0,7.28078246569159,29
2019,m,5,397675.0,8.18047327045397,33
2019,m,6,414906.0,9.66165644975953,41
2019,m,7,411644.0,5.07101875326123,21
2019,m,8,404940.0,4.89089091944965,20
2019,m,9,402712.0,5.45642069478028,22
2019,m,10,399276.0,6.94129252252255,28
2019,m,11,401342.0,8.36575061697411,34
2019,m,12,390488.0,11.2763892021219,45
2019,m,13,380192.0,13.5814291561846,52
2019,m,14,363706.0,10.9189853532861,40
2019,m,15,359670.0,13.7786532227641,50
2019,m,16,347583.0,21.1308885843422,74
2019,m,17,347319.0,28.6553869057163,100
2019,m,18,356119.0,37.1695518978209,133
2019,m,19,368901.0,43.7935110492683,162
2019,m,20,376924.0,55.0361771137561,208
2019,m,21,382818.0,53.954574903304,207
2019,m,22,390423.0,54.2062704956602,212
2019,m,23,398335.0,50.5268885639189,202
2019,m,24,395996.0,58.3849546989198,232
2019,m,25,406145.0,61.3158891486763,250
2019,m,26,409962.0,59.0824233122362,243
2019,m,27,422715.0,66.8205134623201,283
2019,m,28,445509.0,69.7257878800802,311
2019,m,29,431564.0,74.5346646952788,322
2019,m,30,428279.0,81.7108090825298,350
2019,m,31,431537.0,84.3248260731479,364
2019,m,32,416781.0,86.4816043127902,361
2019,m,33,432856.0,96.4652264960433,418
2019,m,34,428294.0,92.4109736344859,396
2019,m,35,422745.0,109.127012676806,462
2019,m,36,422214.0,107.794392561035,456
2019,m,37,425409.0,129.997087166332,554
2019,m,38,434155.0,132.074278620076,574
2019,m,39,428856.0,139.293264528121,598
2019,m,40,408228.0,154.09415140761,630
2019,m,41,384059.0,157.361967831582,605
2019,m,42,386142.0,168.910896934832,653
2019,m,43,386857.0,188.850821177437,731
2019,m,44,396741.0,213.320625578328,847
2019,m,45,404701.0,238.044414977715,964
2019,m,46,423869.0,251.753281783852,1068
2019,m,47,442512.0,265.44456740866,1175
2019,m,48,446130.0,280.11630579474,1250
2019,m,49,439653.0,308.454453618734,1357
2019,m,50,449264.0,345.858495961634,1554
2019,m,51,449126.0,365.282395393541,1641
2019,m,52,456387.0,382.581292435169,1747
2019,m,53,453848.0,417.179458795389,1894
2019,m,54,457713.0,450.274000488229,2061
2019,m,55,449202.0,473.656798634715,2128
2019,m,56,441662.0,547.136933275202,2417
2019,m,57,429164.0,564.861989666449,2425
2019,m,58,416344.0,623.553147053927,2597
2019,m,59,395920.0,685.876509561623,2716
2019,m,60,389122.0,744.703486428159,2898
2019,m,61,380267.0,811.005463636263,3084
2019,m,62,362922.0,919.373668255737,3337
2019,m,63,347422.0,982.544052187126,3414
2019,m,64,337213.0,1073.92922360282,3622
2019,m,65,337127.0,1195.52334734744,4031
2019,m,66,326343.0,1295.57912889864,4229
2019,m,67,319643.0,1413.42756183746,4518
2019,m,68,318034.0,1544.61196631758,4913
2019,m,69,324205.0,1702.82494942627,5521
2019,m,70,330258.0,1796.01288143687,5932
2019,m,71,354259.0,2027.75844668817,7184
2019,m,72,352605.0,2190.33720344565,7724
2019,m,73,267954.0,2393.43902877015,6414
2019,m,74,276062.0,2745.45652590549,7580
2019,m,75,254925.0,3074.54407456536,7838
2019,m,76,235542.0,3366.16387152261,7929
2019,m,77,200496.0,3693.21152659871,7405
2019,m,78,185741.0,4253.23624382554,7901
2019,m,79,187360.0,4751.11254330996,8902
2019,m,80,177507.0,5324.61415140856,9452
2019,m,81,165667.0,5829.55041658485,9658
2019,m,82,151562.0,6476.37300037016,9816
2019,m,83,136866.0,7328.17313691523,10030
2019,m,84,123234.0,8277.84945057742,10202
2019,m,85,107304.0,9243.00578862138,9919
2019,m,86,96337.0,10306.1125360672,9929
2019,m,87,84445.0,11419.6921512342,9644
2019,m,88,73413.0,13046.9199415898,9579
2019,m,89,60117.0,14534.5444148072,8738
2019,m,90,48908.0,15432.7228269814,7548
2019,m,91,38992.0,17211.6938618078,6712
2019,m,92,31613.0,18664.5947866688,5901
2019,m,93,24169.0,20752.4532883385,5016
2019,m,94,18040.0,23062.3041758693,4161
2019,m,95,13124.0,25046.265519162,3288
2019,m,96,9385.0,27073.5683717139,2541
2019,m,97,6558.0,29193.1163541628,1915
2019,m,98,4324.0,32623.648869964,1411
2019,m,99,2696.0,35021.0260723297,945
2019,m,100 and over,1374.0,32899.4529334088,453
2020,f,0,346220.0,414.670017804419,1436
2020,f,1,354137.0,20.02659264482,71
2020,f,2,366236.0,12.8575435349353,48
2020,f,3,375366.0,11.9497263064561,45
2020,f,4,376440.0,7.7489087205795,30
2020,f,5,376097.0,6.27419183582853,24
2020,f,6,377347.0,6.22625864716571,24
2020,f,7,393830.0,7.27379807819216,29
2020,f,8,391688.0,8.49262017129271,34
2020,f,9,385802.0,8.34876502052985,33
2020,f,10,384957.0,7.08514902577725,28
2020,f,11,382866.0,5.23986057207369,21
2020,f,12,381334.0,9.51739944198297,37
2020,f,13,372798.0,9.51889607653681,36
2020,f,14,363752.0,13.5121186814424,50
2020,f,15,346968.0,17.0460488679228,60
2020,f,16,342828.0,17.6299841297251,61
2020,f,17,330158.0,29.2423351211847,97
2020,f,18,331150.0,37.6417952985398,125
2020,f,19,340531.0,43.8270478366392,150
2020,f,20,349996.0,51.4099233569935,180
2020,f,21,359014.0,43.5908827992053,157
2020,f,22,364936.0,43.9671976641257,161
2020,f,23,371651.0,54.8519977592618,204
2020,f,24,374051.0,50.3523251540911,189
2020,f,25,375744.0,59.4148372742257,224
2020,f,26,384830.0,61.9950448246315,239
2020,f,27,395693.0,62.4129210184333,247
2020,f,28,416982.0,63.8539541019943,267
2020,f,29,423762.0,66.4501552184337,282
2020,f,30,415840.0,72.112428657802,300
2020,f,31,423066.0,77.5262130032702,328
2020,f,32,432011.0,93.1811704645428,403
2020,f,33,426352.0,93.1409735430584,398
2020,f,34,427367.0,105.420599655201,451
2020,f,35,429455.0,112.359613811676,483
2020,f,36,425980.0,122.779869860249,524
2020,f,37,429153.0,139.473832086762,599
2020,f,38,433373.0,136.914387237409,594
2020,f,39,438144.0,161.600046760865,709
2020,f,40,431295.0,168.68817651586,728
2020,f,41,406998.0,186.466142136377,759
2020,f,42,384540.0,186.985104907854,720
2020,f,43,384166.0,206.98005569972,796
2020,f,44,391582.0,230.383761496987,903
2020,f,45,400852.0,259.487593093513,1041
2020,f,46,409362.0,283.96468556419,1163
2020,f,47,428701.0,291.376817243718,1250
2020,f,48,448791.0,321.449304294691,1443
2020,f,49,457922.0,357.643211011156,1638
2020,f,50,449005.0,386.847520309075,1737
2020,f,51,460867.0,421.38053972008,1943
2020,f,52,458326.0,443.40984584871,2033
2020,f,53,463446.0,473.064766458147,2193
2020,f,54,464831.0,518.549843293585,2411
2020,f,55,467835.0,554.762920960104,2596
2020,f,56,459104.0,602.73156543755,2768
2020,f,57,448697.0,650.585118312864,2920
2020,f,58,434400.0,725.780098949167,3153
2020,f,59,420843.0,792.74231562481,3337
2020,f,60,400314.0,869.541217773249,3481
2020,f,61,393716.0,930.483700438563,3664
2020,f,62,383305.0,1038.36286531917,3981
2020,f,63,366912.0,1135.27029598021,4166
2020,f,64,350291.0,1199.63249398697,4203
2020,f,65,341715.0,1323.54099480521,4523
2020,f,66,340624.0,1517.58301797769,5170
2020,f,67,331019.0,1580.54221505437,5232
2020,f,68,323812.0,1746.03137238286,5654
2020,f,69,323620.0,1909.19430062325,6179
2020,f,70,331095.0,2088.10276288029,6914
2020,f,71,335490.0,2233.43148655525,7493
2020,f,72,360580.0,2464.92623317745,8889
2020,f,73,359110.0,2757.19893070444,9902
2020,f,74,274162.0,2971.98463821779,8149
2020,f,75,282490.0,3471.61852638581,9807
2020,f,76,261290.0,3870.88151815037,10115
2020,f,77,244043.0,4280.44193561679,10447
2020,f,78,209658.0,4848.22138875949,10165
2020,f,79,195605.0,5468.71020544145,10698
2020,f,80,197313.0,6167.8763904707,12171
2020,f,81,187953.0,6699.1250229452,12592
2020,f,82,175292.0,7586.21926225515,13299
2020,f,83,162535.0,8335.17290072435,13548
2020,f,84,148610.0,9367.71908305941,13922
2020,f,85,134112.0,10477.5470425069,14052
2020,f,86,118571.0,11781.5121685151,13970
2020,f,87,108325.0,13435.9130783526,14555
2020,f,88,96592.0,14714.8376987589,14214
2020,f,89,85792.0,16281.95431856,13969
2020,f,90,71921.0,17493.8112573509,12582
2020,f,91,59764.0,19652.5040975629,11746
2020,f,92,48317.0,21317.5684284482,10301
2020,f,93,39934.0,24128.3988830826,9636
2020,f,94,31264.0,25714.2679337105,8040
2020,f,95,24233.0,28679.6350490618,6950
2020,f,96,18359.0,30052.4199071134,5518
2020,f,97,13655.0,32107.4653160097,4385
2020,f,98,9837.0,34490.6275468623,3393
2020,f,99,6658.0,37935.6123464985,2526
2020,f,100 and over,4307.0,40254.6390356224,1734
2020,m,0,366460.0,414.670017804419,1520
2020,m,1,373896.0,20.02659264482,75
2020,m,2,385476.0,12.8575435349353,50
2020,m,3,395849.0,11.9497263064561,48
2020,m,4,397146.0,7.7489087205795,31
2020,m,5,396385.0,6.27419183582853,25
2020,m,6,397642.0,6.22625864716571,25
2020,m,7,414865.0,7.27379807819216,31
2020,m,8,411623.0,8.49262017129271,35
2020,m,9,404920.0,8.34876502052985,34
2020,m,10,402690.0,7.08514902577725,29
2020,m,11,399248.0,5.23986057207369,21
2020,m,12,401308.0,9.51739944198297,39
2020,m,13,390443.0,9.51889607653681,38
2020,m,14,380140.0,13.5121186814424,52
2020,m,15,363666.0,17.0460488679228,62
2020,m,16,359620.0,17.6299841297251,64
2020,m,17,347509.0,29.2423351211847,102
2020,m,18,347219.0,37.6417952985398,131
2020,m,19,355986.0,43.8270478366392,157
2020,m,20,368739.0,51.4099233569935,190
2020,m,21,376716.0,43.5908827992053,165
2020,m,22,382611.0,43.9671976641257,169
2020,m,23,390211.0,54.8519977592618,215
2020,m,24,398133.0,50.3523251540911,201
2020,m,25,395764.0,59.4148372742257,236
2020,m,26,405895.0,61.9950448246315,252
2020,m,27,409719.0,62.4129210184333,256
2020,m,28,422432.0,63.8539541019943,270
2020,m,29,445198.0,66.4501552184337,296
2020,m,30,431242.0,72.112428657802,311
2020,m,31,427929.0,77.5262130032702,332
2020,m,32,431173.0,93.1811704645428,402
2020,m,33,416420.0,93.1409735430584,388
2020,m,34,432438.0,105.420599655201,456
2020,m,35,427898.0,112.359613811676,481
2020,m,36,422283.0,122.779869860249,519
2020,m,37,421758.0,139.473832086762,589
2020,m,38,424855.0,136.914387237409,582
2020,m,39,433581.0,161.600046760865,701
2020,m,40,428258.0,168.68817651586,723
2020,m,41,407598.0,186.466142136377,761
2020,m,42,383454.0,186.985104907854,718
2020,m,43,385489.0,206.98005569972,798
2020,m,44,386126.0,230.383761496987,890
2020,m,45,395894.0,259.487593093513,1028
2020,m,46,403737.0,283.96468556419,1147
2020,m,47,422801.0,291.376817243718,1232
2020,m,48,441337.0,321.449304294691,1419
2020,m,49,444880.0,357.643211011156,1592
2020,m,50,438296.0,386.847520309075,1696
2020,m,51,447710.0,421.38053972008,1887
2020,m,52,447485.0,443.40984584871,1985
2020,m,53,454640.0,473.064766458147,2151
2020,m,54,451954.0,518.549843293585,2344
2020,m,55,455652.0,554.762920960104,2528
2020,m,56,447074.0,602.73156543755,2695
2020,m,57,439245.0,650.585118312864,2858
2020,m,58,426739.0,725.780098949167,3098
2020,m,59,413747.0,792.74231562481,3280
2020,m,60,393204.0,869.541217773249,3420
2020,m,61,386224.0,930.483700438563,3594
2020,m,62,377183.0,1038.36286531917,3917
2020,m,63,359585.0,1135.27029598021,4083
2020,m,64,344008.0,1199.63249398697,4127
2020,m,65,333591.0,1323.54099480521,4416
2020,m,66,333096.0,1517.58301797769,5056
2020,m,67,322114.0,1580.54221505437,5092
2020,m,68,315125.0,1746.03137238286,5503
2020,m,69,313121.0,1909.19430062325,5979
2020,m,70,318684.0,2088.10276288029,6655
2020,m,71,324326.0,2233.43148655525,7244
2020,m,72,347075.0,2464.92623317745,8556
2020,m,73,344881.0,2757.19893070444,9510
2020,m,74,261540.0,2971.98463821779,7773
2020,m,75,268482.0,3471.61852638581,9321
2020,m,76,247087.0,3870.88151815037,9565
2020,m,77,227613.0,4280.44193561679,9743
2020,m,78,193091.0,4848.22138875949,9362
2020,m,79,177840.0,5468.71020544145,9726
2020,m,80,178458.0,6167.8763904707,11008
2020,m,81,168055.0,6699.1250229452,11259
2020,m,82,156009.0,7586.21926225515,11836
2020,m,83,141746.0,8335.17290072435,11815
2020,m,84,126836.0,9367.71908305941,11882
2020,m,85,113032.0,10477.5470425069,11843
2020,m,86,97385.0,11781.5121685151,11474
2020,m,87,86408.0,13435.9130783526,11610
2020,m,88,74801.0,14714.8376987589,11007
2020,m,89,63834.0,16281.95431856,10394
2020,m,90,51379.0,17493.8112573509,8989
2020,m,91,41360.0,19652.5040975629,8129
2020,m,92,32280.0,21317.5684284482,6882
2020,m,93,25712.0,24128.3988830826,6204
2020,m,94,19153.0,25714.2679337105,4926
2020,m,95,13879.0,28679.6350490618,3981
2020,m,96,9836.0,30052.4199071134,2956
2020,m,97,6844.0,32107.4653160097,2198
2020,m,98,4643.0,34490.6275468623,1602
2020,m,99,2913.0,37935.6123464985,1106
2020,m,100 and over,1751.0,40254.6390356224,705
2021,f,0,332346.0,364.493710183412,
2021,f,1,344784.0,33.8480066119765,
2021,f,2,354066.0,15.7270642442,
2021,f,3,366188.0,8.43009997895,
2021,f,4,375321.0,7.4737255924,
2021,f,5,376410.0,7.3118171893,
2021,f,6,376073.0,7.075295955975,
2021,f,7,377323.0,6.6061074414,
2021,f,8,393801.0,6.014695083925,
2021,f,9,391654.0,5.860399833475,
2021,f,10,385769.0,6.182557348575,
2021,f,11,384929.0,6.69348140175,
2021,f,12,382845.0,7.6885428806,
2021,f,13,381297.0,9.34790592325,
2021,f,14,372762.0,11.7840050653,
2021,f,15,363702.0,15.10013649125,
2021,f,16,346908.0,19.411510107525,
2021,f,17,342767.0,24.44605470145,
2021,f,18,330061.0,29.956762358825,
2021,f,19,331025.0,35.38378977925,
2021,f,20,340381.0,39.8147742362,
2021,f,21,349816.0,42.90901830195,
2021,f,22,358857.0,44.663603940175,
2021,f,23,364775.0,45.8230077258,
2021,f,24,371447.0,46.9165955484,
2021,f,25,373862.0,48.475612297325,
2021,f,26,375520.0,51.04224363375,
2021,f,27,384591.0,54.612807757575,
2021,f,28,395446.0,58.8509703846,
2021,f,29,416715.0,64.2203038993,
2021,f,30,423480.0,70.58095170435,
2021,f,31,415540.0,76.8389534999,
2021,f,32,422738.0,83.1020441702,
2021,f,33,431608.0,89.656419787875,
2021,f,34,425954.0,96.47776628355,
2021,f,35,426916.0,103.996495726525,
2021,f,36,428972.0,112.61780292835,
2021,f,37,425456.0,122.430825318375,
2021,f,38,428554.0,133.358330710275,
2021,f,39,432779.0,145.37904845895,
2021,f,40,437435.0,158.6000194191,
2021,f,41,430567.0,172.888808076225,
2021,f,42,406239.0,187.96303116905,
2021,f,43,383820.0,203.92515909085,
2021,f,44,383370.0,221.00581262825,
2021,f,45,390679.0,238.8633789662,
2021,f,46,399811.0,257.474041778825,
2021,f,47,408199.0,277.4809559854,
2021,f,48,427451.0,298.66269550745,
2021,f,49,447348.0,320.627952722275,
2021,f,50,456284.0,344.1179469176,
2021,f,51,447268.0,369.73236279675,
2021,f,52,458924.0,397.982474317875,
2021,f,53,456293.0,429.654985718125,
2021,f,54,461253.0,465.130847413075,
2021,f,55,462420.0,504.29949437885,
2021,f,56,465239.0,548.342235361225,
2021,f,57,456336.0,600.639282665325,
2021,f,58,445777.0,661.820135351875,
2021,f,59,431247.0,728.614740194925,
2021,f,60,417506.0,798.949535333175,
2021,f,61,396833.0,873.5868541649,
2021,f,62,390052.0,953.690323856525,
2021,f,63,379324.0,1040.32536706435,
2021,f,64,362746.0,1134.52440259773,
2021,f,65,346088.0,1236.23203321535,
2021,f,66,337192.0,1346.46218313245,
2021,f,67,335454.0,1466.81776174755,
2021,f,68,325787.0,1599.02200657415,
2021,f,69,318158.0,1746.29704871398,
2021,f,70,317441.0,1913.2383240317,
2021,f,71,324181.0,2106.05409880825,
2021,f,72,327997.0,2330.07013002188,
2021,f,73,351691.0,2588.2404645406,
2021,f,74,349208.0,2881.9798271871,
2021,f,75,266013.0,3211.3493046659,
2021,f,76,272683.0,3576.72218809618,
2021,f,77,251175.0,3980.93722835495,
2021,f,78,233596.0,4431.20478444102,
2021,f,79,199493.0,4937.92463449425,
2021,f,80,184907.0,5510.28517567643,
2021,f,81,185142.0,6161.60247798558,
2021,f,82,175361.0,6909.43366959198,
2021,f,83,161993.0,7757.5191918961,
2021,f,84,148987.0,8704.1539987286,
2021,f,85,134688.0,9760.8871046188,
2021,f,86,120060.0,10929.0614715317,
2021,f,87,104601.0,12195.9272965769,
2021,f,88,93770.0,13561.0699130921,
2021,f,89,82378.0,15034.9000653248,
2021,f,90,71823.0,16626.6170141851,
2021,f,91,59339.0,18346.0941652541,
2021,f,92,48018.0,20198.4139436419,
2021,f,93,38016.0,22182.5731496535,
2021,f,94,30298.0,24299.7640095953,
2021,f,95,23224.0,26547.3117801032,
2021,f,96,17283.0,28916.0610201716,
2021,f,97,12841.0,31400.4724000292,
2021,f,98,9270.0,34031.8751986568,
2021,f,99,6444.0,36819.5134890779,
2021,f,100 and over,4132.0,39689.735121391,
2021,m,0,349214.0,364.493710183412,
2021,m,1,364940.0,33.8480066119765,
2021,m,2,373821.0,15.7270642442,
2021,m,3,385426.0,8.43009997895,
2021,m,4,395801.0,7.4737255924,
2021,m,5,397115.0,7.3118171893,
2021,m,6,396360.0,7.075295955975,
2021,m,7,397617.0,6.6061074414,
2021,m,8,414834.0,6.014695083925,
2021,m,9,411588.0,5.860399833475,
2021,m,10,404886.0,6.182557348575,
2021,m,11,402661.0,6.69348140175,
2021,m,12,399227.0,7.6885428806,
2021,m,13,401269.0,9.34790592325,
2021,m,14,390405.0,11.7840050653,
2021,m,15,380088.0,15.10013649125,
2021,m,16,363604.0,19.411510107525,
2021,m,17,359556.0,24.44605470145,
2021,m,18,347407.0,29.956762358825,
2021,m,19,347088.0,35.38378977925,
2021,m,20,355829.0,39.8147742362,
2021,m,21,368549.0,42.90901830195,
2021,m,22,376551.0,44.663603940175,
2021,m,23,382442.0,45.8230077258,
2021,m,24,389996.0,46.9165955484,
2021,m,25,397932.0,48.475612297325,
2021,m,26,395528.0,51.04224363375,
2021,m,27,405643.0,54.612807757575,
2021,m,28,409463.0,58.8509703846,
2021,m,29,422162.0,64.2203038993,
2021,m,30,444902.0,70.58095170435,
2021,m,31,430931.0,76.8389534999,
2021,m,32,427597.0,83.1020441702,
2021,m,33,430771.0,89.656419787875,
2021,m,34,416032.0,96.47776628355,
2021,m,35,431982.0,103.996495726525,
2021,m,36,427417.0,112.61780292835,
2021,m,37,421764.0,122.430825318375,
2021,m,38,421169.0,133.358330710275,
2021,m,39,424273.0,145.37904845895,
2021,m,40,432880.0,158.6000194191,
2021,m,41,427535.0,172.888808076225,
2021,m,42,406837.0,187.96303116905,
2021,m,43,382736.0,203.92515909085,
2021,m,44,384691.0,221.00581262825,
2021,m,45,385236.0,238.8633789662,
2021,m,46,394866.0,257.474041778825,
2021,m,47,402590.0,277.4809559854,
2021,m,48,421569.0,298.66269550745,
2021,m,49,439918.0,320.627952722275,
2021,m,50,443288.0,344.1179469176,
2021,m,51,436600.0,369.73236279675,
2021,m,52,445823.0,397.982474317875,
2021,m,53,445500.0,429.654985718125,
2021,m,54,452489.0,465.130847413075,
2021,m,55,449610.0,504.29949437885,
2021,m,56,453124.0,548.342235361225,
2021,m,57,444379.0,600.639282665325,
2021,m,58,436387.0,661.820135351875,
2021,m,59,423641.0,728.614740194925,
2021,m,60,410467.0,798.949535333175,
2021,m,61,389784.0,873.5868541649,
2021,m,62,382630.0,953.690323856525,
2021,m,63,373266.0,1040.32536706435,
2021,m,64,355502.0,1134.52440259773,
2021,m,65,339881.0,1236.23203321535,
2021,m,66,329175.0,1346.46218313245,
2021,m,67,328040.0,1466.81776174755,
2021,m,68,317022.0,1599.02200657415,
2021,m,69,309622.0,1746.29704871398,
2021,m,70,307142.0,1913.2383240317,
2021,m,71,312029.0,2106.05409880825,
2021,m,72,317082.0,2330.07013002188,
2021,m,73,338519.0,2588.2404645406,
2021,m,74,335371.0,2881.9798271871,
2021,m,75,253767.0,3211.3493046659,
2021,m,76,259161.0,3576.72218809618,
2021,m,77,237522.0,3980.93722835495,
2021,m,78,217870.0,4431.20478444102,
2021,m,79,183729.0,4937.92463449425,
2021,m,80,168114.0,5510.28517567643,
2021,m,81,167450.0,6161.60247798558,
2021,m,82,156796.0,6909.43366959198,
2021,m,83,144173.0,7757.5191918961,
2021,m,84,129931.0,8704.1539987286,
2021,m,85,114954.0,9760.8871046188,
2021,m,86,101189.0,10929.0614715317,
2021,m,87,85911.0,12195.9272965769,
2021,m,88,74798.0,13561.0699130921,
2021,m,89,63794.0,15034.9000653248,
2021,m,90,53440.0,16626.6170141851,
2021,m,91,42390.0,18346.0941652541,
2021,m,92,33231.0,20198.4139436419,
2021,m,93,25398.0,22182.5731496535,
2021,m,94,19508.0,24299.7640095953,
2021,m,95,14227.0,26547.3117801032,
2021,m,96,9898.0,28916.0610201716,
2021,m,97,6880.0,31400.4724000292,
2021,m,98,4646.0,34031.8751986568,
2021,m,99,3041.0,36819.5134890779,
2021,m,100 and over,1807.0,39689.735121391,
